SMILES,LogS
NC(=[NH2+])N[N+](=O)[O-],-1.37
CCC1(CC)C(=O)NC(=O)NC1=O,-1.39
O=C([O-])c1ccccc1,-1.55
CCCCC(=O)CC(C)=O,-1.56
CC(=O)CC(=O)CC(C)C,-1.6
O=C([O-])c1ccccc1O,-1.82
CCCC(CCC)C(=O)[O-],-1.86
COc1ccc2c(c1O)C13CC[NH+](C)C1(C=CC(=O)C3)CC2,-1.87
O=C([O-])CCCCCCCC(=O)[O-],-1.89
CCc1nnc([N-]S(=O)(=O)c2ccc(N)cc2)s1,-1.94
O=C([O-])C=Cc1c[nH]cn1,-1.96
Nc1ccccc1[N+](=O)[O-],-1.96
O=C([O-])c1ccccc1C(=O)[O-],-2.11
Nc1ncnc2[nH]cnc12,-2.12
CCCCc1c(C)nc(N(C)C)nc1O,-2.24
CC(=O)Nc1ccccc1O,-2.24
O=c1[n-]c(=O)[c-]([N+](=O)[O-])c(=O)[nH]1,-2.28
COC(=O)c1ccccc1O,-2.34
CCOC(=O)c1ccc(O)cc1,-2.35
S=c1ncc2nccnc2[nH]1,-2.36
Oc1ncnc2[nH]ncc12,-2.38
Cc1nnc([N-]S(=O)(=O)c2ccc(N)cc2)s1,-2.41
Cc1cnc(S)nc1O,-2.45
C[NH+](C)C1C([O-])=C(C(N)=O)C(=O)C2(O)C(O)=C3C(=O)c4c(O)ccc(Cl)c4C(O)C3CC12,-2.52
Oc1cccc2ncccc12,-2.54
CCCCCCCCC(=O)[O-],-2.75
S=c1[nH]cnc2nccnc12,-2.77
Cn1c(=O)on(-c2ccc(Cl)c(Cl)c2)c1=O,-2.82
Cc1ccnc([N-]S(=O)(=O)c2ccc(N)cc2)n1,-2.85
CC1c2cccc(O)c2C(=O)C2=C(O)C3(O)C(=O)C(C(N)=O)=C([O-])C([NH+](C)C)C3C(O)C21,-2.87
C[NH+](C)C1C([O-])=C(C(N)=O)C(=O)C2(O)C(O)=C3C(=O)c4c(O)ccc(Cl)c4C(C)(O)C3CC12,-2.88
Cc1noc([N-]S(=O)(=O)c2ccc(N)cc2)c1C,-2.91
O=C([O-])CCl,0.93
CCCCc1c(C)nc(NCC)nc1O,-3.02
O=c1c(O)c(-c2ccc(O)cc2O)oc2cc([O-])cc(O)c12,-3.08
C[NH+](C)C1C([O-])=C(C(N)=O)C(=O)C2(O)C(O)=C3C(=O)c4c(O)cccc4C(C)(O)C3CC12,-3.12
C[NH+](C)C1C([O-])=C(C(N)=O)C(=O)C2(O)C(O)=C3C(=O)c4c(O)cccc4C(C)(O)C3C(O)C12,-3.14
O=C(Nc1ccccc1)Nc1ccccc1,-3.15
Sc1nc2ccccc2s1,-3.18
COc1ccc([N-]S(=O)(=O)c2ccc(N)cc2)nn1,-3.28
C=CCCCCCCCCC(=O)[O-],-3.4
Nc1ccc(S(=O)(=O)[N-]c2ncccn2)cc1,-3.51
CC(C(=O)[O-])c1cccc(C(=O)c2ccccc2)c1,-3.7
NC(=O)NC1NC(=O)NC1=O,-1.6
CC(=O)CC(=O)C(C)(C)C,-1.63
O=c1ccc2ccccc2o1,-1.89
COc1ccccc1O,-1.96
O=c1[nH]cnc2nc[nH]c12,-2.29
Nc1ccc(Cc2ccc(N)cc2)cc1,-2.3
CNC(=O)Oc1cccc([NH+]=CN(C)C)c1,-2.34
CCC([NH3+])Cc1c[nH]c2ccccc12,-2.57
Nc1ccc(S(=O)(=O)[N-]c2ccccn2)cc1,-2.7
O=C1c2ccccc2C(=O)c2c1ccc(O)c2O,-2.78
O=C(c1ccccc1)C(O)c1ccccc1,-2.85
CC1C/C=C\C=C/C=C\C=C/C(OC2OC(C)C(O)C([NH3+])C2O)CC2OC(O)(CC(O)CC3OC3/C=C\C(=O)O1)CC(O)C2C(=O)[O-],-3.21
Ic1[nH]c(I)c(I)c1I,-3.46
Cc1cccc(Nc2ccccc2C(=O)[O-])c1C,-3.78
CC(=O)CC(c1ccccc1)c1c([O-])c2ccccc2oc1=O,-3.89
CN1C(C(=O)Nc2ccccn2)=C([O-])c2ccccc2S1(=O)=O,-4.16
C[NH+](C)CCCN1c2ccccc2Sc2ccccc21,-4.3
C=C(C)C1Cc2c(ccc3c2OC2COc4cc(OC)c(OC)cc4C2C3=O)O1,-4.42
O=C(CCC[NH+]1CCC(O)(c2ccc(Cl)cc2)CC1)c1ccc(F)cc1,-4.43
CCCN(CCC)c1c([N+](=O)[O-])cc(S(N)(=O)=O)cc1[N+](=O)[O-],-5.16
CC(C)=CC1C(C(=O)OCc2cccc(Oc3ccccc3)c2)C1(C)C,-5.24
N#Cc1c(Cl)c(Cl)c(Cl)c(C#N)c1Cl,-5.64
COP(=S)(OC)Oc1cc(Cl)c(Br)cc1Cl,-6.09
CCCCC(CC)COC(=O)c1ccccc1C(=O)OCC(CC)CCCC,-6.96
ClC1=C(Cl)C2(Cl)C3C4C=CC(C4)C3C1(Cl)C2(Cl)Cl,-7.33
Cn1c(=O)c2nc[nH]c2n(C)c1=O,-1.37
Cc1cc(=O)n(-c2ccccc2)n1C,0.39
CN(C)C(=O)Nc1ccc(Cl)c(Cl)c1,-3.76
O=C1OC(c2ccc(O)cc2)(c2ccc(O)cc2)c2ccccc21,-2.9
ClC1=C(Cl)C2(Cl)C3C(Cl)C(Cl)CC3C1(Cl)C2(Cl)Cl,-6.86
ClC1C(Cl)C(Cl)C(Cl)C(Cl)C1Cl,-4.6
CCCC[c-]1c(=O)n(-c2ccccc2)n(-c2ccccc2)c1=O,-3.81
CC12CCC3c4ccc(O)cc4CCC3C1CCC2=O,-3.96
COc1ccc2cc(C(C)C(=O)[O-])ccc2c1,-4.16
CC(=O)OCC(=O)C1(O)CCC2C3CCC4=CC(=O)CCC4(C)C3C(O)CC21C,-4.3
CC(CCC(=O)[O-])C1CCC2C3CC(O)C4CC(O)CCC4(C)C3CC(O)C12C,-4.35
O=C([O-])c1ccccc1Nc1cccc(C(F)(F)F)c1,-4.36
Oc1cc(Cl)ccc1Oc1ccc(Cl)cc1Cl,-4.46
COC1=CC(=O)CC(C)C12Oc1c(Cl)c(OC)cc(OC)c1C2=O,-4.61
O=C(Nc1ccc([N+](=O)[O-])cc1Cl)c1cc(Cl)ccc1[O-],-4.7
CCN(CC)C(=S)SSC(=S)N(CC)CC,-4.86
CC(=O)OC1(C(=O)CO)C(C)CC2C3CCC4=CC(=O)C=CC4(C)C3(F)C(O)CC21C,-4.9
Nc1ccc(-c2ccc(N)c(Cl)c2)cc1Cl,-4.92
CC(C)OC(=O)C(O)(c1ccc(Br)cc1)c1ccc(Br)cc1,-4.93
CCCCCCCCCCCCCC(=O)[O-],-5.33
CCN(CC)c1c([N+](=O)[O-])cc(C(F)(F)F)c(N)c1[N+](=O)[O-],-5.47
Cc1ccc([NH+]=CN(C)C=[NH+]c2ccc(C)cc2C)c(C)c1,-5.47
CCCCN(CC)c1c([N+](=O)[O-])cc(C(F)(F)F)cc1[N+](=O)[O-],-5.53
CCCCCCCCCCCCCCCCCC(=O)[O-],-5.68
COP(=S)(OC)Oc1cc(Cl)c(Cl)cc1Cl,-5.72
Clc1ccc(-c2ccccc2)cc1Cl,-6.39
ClC(Cl)=C(c1ccc(Cl)cc1)c1ccc(Cl)cc1,-6.9
O=C1CCCN1,1.07
O=C([O-])CC(O)(CC(=O)[O-])C(=O)[O-],0.51
O=C([O-])C(=O)[O-],0.38
C=C(C)C(=O)[O-],0.01
CCCCOCCO,-0.42
Cc1c(N)c(=O)n(-c2ccccc2)n1C,-0.62
O=C([O-])CCCCC(=O)[O-],-0.82
CCCCCC(=O)[O-],-1.06
Cc1cc(O)c2ccccc2n1,-1.2
OCC1OC(n2cnc3c(O)ncnc32)C(O)C1O,-1.23
CNC(=NC#N)NCCSCc1nc[nH]c1C,-1.35
C[NH+](C)C1C([O-])=C(C(=O)NCN2CCCC2)C(=O)C2(O)C(O)=C3C(=O)c4c(O)cccc4C(C)(O)C3CC12,-1.42
Nc1cccc(C(F)(F)F)c1,-1.47
Oc1ccnc(S)n1,-2.26
c1ccc2[nH]c(-c3cscn3)nc2c1,-2.6
O=c1[nH]cnc2c1ncn2C1OC(CO)C(O)C1O,-1.23
CN1C2CC(OC(=O)C(CO)c3ccccc3)CC1C1OC12,-0.5
CCCC[NH+]1CCCCC1C(=O)Nc1c(C)cccc1C,-2.76
O=C(OCC(O)CO)c1ccccc1Nc1ccnc2cc(Cl)ccc12,-4.57
CC(C1=C(CC[NH+](C)C)Cc2ccccc21)c1ccccn1,-3.09
CC[NH+](CC)CCOC(=O)C(c1ccccc1)c1ccccc1,-2.0
C=C1c2cccc(O)c2C([O-])=C2C(=O)C3(O)C([O-])=C(C(N)=O)C(=O)C(N(C)C)C3C(O)C12,-1.77
CN(C)C1C(=O)C(C(N)=O)=C([O-])C2(O)C(=O)C3=C([O-])c4c(O)ccc(Cl)c4C(C)(O)C3CC12,-2.88
CN(C)C1C(=O)C(C(N)=O)=C([O-])C2(O)C(=O)C3=C([O-])c4c(O)cccc4C(C)(O)C3C(O)C12,-3.17
CN(C)C1C(=O)C(C(=O)NCN2CCCC2)=C([O-])C2(O)C(=O)C3=C([O-])c4c(O)cccc4C(C)(O)C3CC12,-1.42
CCC[c-]1c(=O)n2c(N(C)C)nc3ccc(C)cc3n2c1=O,-3.54
CC(CCC(=O)[O-])C1CCC2C3CCC4CC(O)CCC4(C)C3CCC12C,-6.0
COC12CCC3(CC1C(C)(O)C(C)(C)C)C1Cc4ccc(O)c5c4C3(CC[NH+]1CC1CC1)C2O5,-4.37
Cc1cn(C2CC(N=[N+]=[N-])C(CO)O2)c(=O)[nH]c1=O,-1.03
C[NH+](C)CCCOc1nn(Cc2ccccc2)c2ccccc12,-3.78
COc1cc(NC(C)CCC[NH3+])c2ncccc2c1,-2.77
O=C1CN=C(c2ccccn2)c2cc(Br)ccc2N1,-3.48
O=C(CCC[NH+]1CCC(n2c(=O)[nH]c3ccccc32)CC1)c1ccc(F)cc1,-4.28
CCCCCCC[NH+](CC)CCCC(O)c1ccc(NS(C)(=O)=O)cc1,-1.81
O=C1Nc2ccc(Cl)cc2C(C#CC2CC2)(C(F)(F)F)O1,-4.57
CC(C)(C)NC(=O)C1CN(Cc2cccnc2)CCN1CC(O)CC(Cc1ccccc1)C(=O)NC1c2ccccc2CC1O,-3.94
CC(C)(C)NC(=O)C1CC2CCCCC2C[NH+]1CC(O)C(Cc1ccccc1)NC(=O)C(CC(N)=O)NC(=O)c1ccc2ccccc2n1,-4.33
CCC(=O)OC(Cc1ccccc1)(c1ccccc1)C(C)C[NH+](C)C,-5.01
CC(C)(ON=C(C(=O)NC1C(=O)N2C(C(=O)[O-])=C(C[n+]3ccccc3)CSC12)c1csc(N)n1)C(=O)[O-],-2.04
Nc1cc(N2CCCCC2)nc(=[NH2+])n1O,-2.04
c1ccc(-c2ccc(C(c3ccccc3)n3ccnc3)cc2)cc1,-5.85
O=C([O-])c1cn(C2CC2)c2cc(N3CC[NH2+]CC3)c(F)cc2c1=O,-3.73
CC(=O)NCC1CN(c2ccc(N3CCOCC3)c(F)c2)C(=O)O1,-2.07
CC(C)CN(CC(O)C(Cc1ccccc1)NC(=O)OC1CCOC1)S(=O)(=O)c1ccc(N)cc1,-4.0
CC(C)c1nc(CN(C)C(=O)NC(C(=O)NC(Cc2ccccc2)CC(O)C(Cc2ccccc2)NC(=O)OCc2cncs2)C(C)C)cs1,-5.16
CC(C)=CC[NH+]1CCC2(C)c3cc(O)ccc3CC1C2C,-3.8
CCC(C)(C)C(=O)OC1CC(C)C=C2C=CC(C)C(CCC3CC(O)CC(=O)O3)C21,-6.0
CN(C)c1ccc(O)c2c1CC1CC3C([NH+](C)C)C([O-])=C(C(N)=O)C(=O)C3(O)C(O)=C1C2=O,-0.94
CNC(=NCCSCc1nc[nH]c1C)NC#N,-1.61
COc1cc2c(N)nc(N3CCN(C(=O)OCC(C)(C)O)CC3)nc2c(OC)c1OC,-3.64
CC(C)Nc1cccnc1N1CCN(C(=O)c2cc3cc(NS(C)(=O)=O)ccc3[nH]2)CC1,-4.76
Clc1ccc(COC(Cn2ccnc2)c2ccc(Cl)cc2Cl)c(Cl)c1,-5.79
COc1ccc2[nH]c(S(=O)Cc3ncc(C)c(OC)c3C)nc2c1,-3.42
NC(=[NH2+])NC(=O)c1nc(Cl)c(N)nc1N,-2.87
Nc1ccc(N=Nc2ccccc2)c(N)n1,-4.24
NC(CCSCc1csc([NH+]=C(N)N)n1)=NS(N)(=O)=O,-2.48
CCCN(CCC)S(=O)(=O)c1ccc(C(=O)[O-])cc1,-4.88
OCC1CCC(n2cnc3c(O)ncnc32)O1,-0.9
CC(C)n1c(C=CC(O)CC(O)CC(=O)[O-])c(-c2ccc(F)cc2)c2ccccc21,-3.83
O=C([O-])Cc1ccccc1Nc1c(Cl)cccc1Cl,-5.1
CN1C(C(=O)Nc2ccccn2)=C([O-])c2sccc2S1(=O)=O,-3.88
CCCC(=O)Nc1ccc(OCC(O)C[NH2+]C(C)C)c(C(C)=O)c1,-2.2
CCCS(=O)CCC[NH+](CC)CC(O)COc1ccc(C#N)cc1,-1.17
CCC(C)C1(CC)C(=O)NC(=O)NC1=O,-2.39
CC1c2cccc(O)c2C([O-])=C2C(=O)C3(O)C([O-])=C(C(N)=O)C(=O)C(N(C)C)C3C(O)C21,-2.53
CC(=O)NCC1CN(c2ccc(N3CCN(C(=O)CO)CC3)c(F)c2)C(=O)O1,-1.97
CC(=O)N1CCN(c2ccc(OCC3COC(Cn4ccnc4)(c4ccc(Cl)cc4Cl)O3)cc2)CC1,-3.8
CC(CCc1ccccc1)[NH2+]CC(O)c1ccc(O)c(C(N)=O)c1,-3.45
NC(N)=NS(=O)(=O)c1ccc(N)cc1,-1.99
O=C1CCC(N2C(=O)c3ccccc3C2=O)C(=O)N1,-2.68
CCCC1(CCc2ccccc2)CC(O)=C(C(CC)c2cccc([N-]S(=O)(=O)c3ccc(C(F)(F)F)cn3)c2)C(=O)O1,-6.3
CC1CC2C3CCC4=CC(=O)C=CC4(C)C3=CCC2(C)C1C(=O)CN1CCN(c2cc(N3CCCC3)nc(N3CCCC3)n2)CC1,-7.59
Cc1ccc(O)c(C(CC[NH+](C(C)C)C(C)C)c2ccccc2)c1,-2.58
Clc1ccc(-c2c(Cl)c(Cl)c(Cl)c(Cl)c2Cl)c(Cl)c1,-7.92
N#CN=C(N)N,-0.31
Oc1ncc2nccnc2n1,-1.947
Oc1ccccn1,1.02
CCCCC(=O)OCN1C(=O)NC(c2ccccc2)(c2ccccc2)C1=O,-4.678
Oc1ccncc1,1.02
O=c1[nH]cnc2[nH]ncc12,-2.266
Nc1nc[nH]n1,0.522
ClCBr,-0.89
CNC(=O)Oc1cccc2c1OC(C)(C)C2,-2.8
CC1(C)C(C=C(Cl)Cl)C1C(=O)OC(C#N)c1ccc(F)c(Oc2ccccc2)c1,-7.337
CC1(C)C(C=C(Cl)Cl)C1C(=O)OC(C#N)c1cccc(Oc2ccccc2)c1,-8.017
CCCCOC(=O)CCCCCCCCC(=O)OCCCC,-3.896
OC1C(O)C(O)C(O)C(O)C1O,0.35
CCCCCCCCOC(=O)c1ccccc1C(=O)OCCCCCCCC,-5.115
Cc1cc([N+](=O)[O-])cc([N+](=O)[O-])c1[O-],-1.456
CC1(C)C(C(=O)OC(C#N)c2cccc(Oc3ccccc3)c2)C1(C)C,-6.025
COC1=CC2OC3C=CC(O)=CC3C(=O)C2C(O)=C1,-2.943
Nc1nc2[nH]cnc2c(=O)[nH]1,-3.583
Nc1nc(O)nc2nc[nH]c12,-3.401
OCC1OC(OC2C(CO)OC(O)C(O)C2O)C(O)C(O)C1O,-0.244
OCC(O)C(O)C(O)C(O)CO,0.06
CCCC(=O)OC,-1.92
O=C1c2ccccc2Cc2ccccc2N1CCF,-4.799
O=c1ccnc([S-])[nH]1,-2.273
Nc1nc(N)c2nc(-c3ccccc3)c(N)nc2n1,-2.404
O=c1[nH]c(=O)c2[nH]c(=O)[nH]c2[nH]1,-3.93
CCCC(C(C)=O)C(C)=O,-0.88
O=C(Cc1cccs1)NC1C(=O)N2C(C(=O)[O-])=C(C[n+]3ccccc3)CSC12,1.32
Oc1ccc2ccccc2n1,-2.14
Sc1ncnc2nccnc12,-2.36
CN(C)C1C(=O)C(C(N)=O)=C([O-])C2(O)C(=O)C3=C([O-])c4c(O)ccc(Cl)c4C(O)C3CC12,-2.52
Sc1ncc2nccnc2n1,-2.77
Clc1cc(Cl)c2snnc2c1Cl,-4.98
C1CCC([Sn](C2CCCCC2)C2CCCCC2)CC1,-5.59
O=CC(O)C(O)C(O)C(O)CO,0.74
Oc1ncnc2[nH]cnc12,-2.29
Sc1cnc2ncncc2n1,-2.71
CC1OC(OC2C(O)C(O)C(O)C(O)C2O)C([NH3+])CC1N=C(N)C(=O)[O-],-2.93
CCOC(=O)Cc1c([O-])c2ccccc2oc1=O,-3.66
COC(=O)Nc1nc2cc(C(=O)c3ccccc3)ccc2[nH]1,-3.88
ClC=C(Cl)C(Cl)=C(Cl)Cl,-4.23
Cc1ccccc1OP(=O)(Oc1ccccc1C)Oc1ccccc1C,-6.7
CC(=O)[O-],1.22
C[N+](C)(C)CC(=O)[O-],0.72
CC(=O)CC(C)=O,0.22
CCCC(=O)[O-],-0.19
Brc1ccc(Oc2ccc(Br)cc2)cc1,-6.4
Brc1ccc(Oc2ccc(Br)cc2Br)cc1,-6.76
Brc1ccc(Oc2ccc(Br)cc2Br)c(Br)c1,-7.51
Brc1ccc(Oc2ccc(Br)c(Br)c2)c(Br)c1,-7.43
Brc1ccc(Oc2ccc(Br)c(Br)c2)cc1Br,-7.91
Brc1ccc(Oc2ccc(Br)c(Br)c2Br)c(Br)c1,-7.97
Brc1ccc(Oc2cc(Br)c(Br)cc2Br)c(Br)c1,-7.78
Brc1ccc(Oc2c(Br)cc(Br)cc2Br)c(Br)c1,-7.15
Brc1cc(Br)c(Oc2cc(Br)c(Br)cc2Br)cc1Br,-8.87
Brc1cc(Br)c(Oc2cc(Br)c(Br)cc2Br)c(Br)c1,-8.87
Brc1cc(Br)c(Oc2c(Br)cc(Br)c(Br)c2Br)cc1Br,-8.68
Clc1ccc(-c2ccc(Cl)c(Cl)c2Cl)cc1Cl,-7.05
CO[P+](O)(OC)C(O)C(Cl)(Cl)Cl,-0.22
[NH3+]C(Cc1c[nH]cn1)C(=O)[O-],-0.53
Cc1cc([O-])no1,-0.07
O=C1CC=NC=N1,0.59
C[NH+](C)C1C([O-])=CC(=O)C2(O)C(O)=C3C(=O)c4ccccc4C(C)(O)C3CC12,-1.42
Cc1cc(O)ccc1O[P+](O)(Oc1cc(O)ccc1C)Oc1c(C)cccc1O,-6.7
Cc1ccc(O[P+](O)(Oc2cccc(C)c2)Oc2ccccc2C)cc1,-6.01
CCO[P+](O)(OCC)OCC,0.43
CNC(=O)C=C(C)O[P+](O)(OC)OC,0.65
CCO[P+]([S-])(OCC)N1C(=O)c2ccccc2C1=O,-3.35
CCO[P+]([S-])(OCC)Oc1cc(C)nc(C(C)C)n1,-3.64
CCO[P+]([S-])(OCC)ON=C(C#N)c1ccccc1,-4.86
OCCO,0.08
Clc1cc(Cl)c(Cl)c(-c2cc(Cl)cc(Cl)c2Cl)c1,-8.56
CCOC(=O)CC(S[P+]([S-])(OC)OC)C(=O)OCC,-3.36
Clc1cc2c(cc1Cl)Oc1cc(Cl)c(Cl)cc1O2,-10.22
CNC(=O)ON=CC(C)(C)SC,-0.71
COC(=O)C(C)Oc1ccc(Oc2ccc(Cl)cc2Cl)cc1,-3.82
COP(=S)(Oc1cc(Cl)c(Br)cc1Cl)c1ccccc1,-5.66
CCO[P+]([S-])(OCC)Oc1ccc([N+](=O)[O-])cc1,-4.29
CC[NH+](CC)CC1CC([NH2+]C2CC[NH2+]C3CC(Cl)CCC32)CCC1O,-3.0743
C[NH+]1C2CCC1CC(OC(=O)C(CO)C1CCCCC1)C2,-1.7142
C1CCC(CN2CC[NH2+]C2)CC1,-1.0638
C[NH+](C)CC1C[NH2+]C2CCC(Br)CC12,-2.4352
CCCC[NH+]1CCCCC1C(=O)NC1C(C)CCCC1C,-2.6342
CC(C(=O)[O-])C1CCC2C(C1)[NH2+]C1CCC(Cl)CC12,-1.8536
COC1CCCCC1OCC[NH2+]CC(O)COC1CCCC2[NH2+]C3CCCCC3C21,-4.5496
CC(=O)OCC1=C(C(=O)[O-])N2C(=O)C(NC(=O)CC3CCCS3)C2SC1,-5.7905
[NH3+]C1CCC(Br)CC1C(=O)[O-],-3.2078
C[NH+](C)CCCN1C2CCCCC2SC2CCC(Cl)CC21,-2.2577
CCCNC(=O)[N-]S(=O)(=O)C1CCC(Cl)CC1,-4.0552
C[NH+](C)CCC=C1C2CCCCC2SC2CCC(Cl)CC12,-3.2241
O=C1NC2CC(Cl)CCC2O1,-4.6983
CN=C(NC#N)NCCSCC1NC[NH2+]C1C,-4.2557
O=C([O-])C1=CN(C2CC2)C2CC(N3CC[NH2+]CC3)C(F)CC2C1=O,-2.938
C[NH+]1CC2CC1CN2C1CC2C(CC1F)C(=O)C(C(=O)[O-])=CN2C1CC1,-2.6667
C[NH2+]CCC[NH+]1C2CCCCC2CCC2CCCCC21,-3.2484
OC1CCC(I)CC1,-2.6565
O=C([O-])CC1CCCCC1[NH2+]C1C(Cl)CCCC1Cl,-1.6916
C[NH+]1CCN(C2CC3C(CC2F)C(=O)C(C(=O)[O-])=CN3C2CCC(F)CC2)CC1,-3.5965
COC1CCC(C2SC3CCCCC3N(CC[NH+](C)C)C(=O)C2OC(C)=O)CC1,-2.8996
C[NH+](C)CCOC(C1CCCCC1)C1CCCCC1,-2.5125
O=C1NC(=O)C(C2CCCCC2)(C2CCCCC2)N1,-3.6277
CC[NH+]1CCN(C2CC3C(CC2F)C(=O)C(C(=O)[O-])=CN3C2CC2)CC1,-3.3621
NC(CCSCC1CSC([NH+]=C(N)N)N1)=NS(N)(=O)=O,-5.4559
CC(C(=O)[O-])C1CCCC(OC2CCCCC2)C1,-3.5998
O=C([O-])C1CCCCC1[NH2+]C1CCCC(C(F)(F)F)C1,-3.1589
CC1CCC2CC(F)CC3C(=O)C(C(=O)[O-])=CN1C23,-2.9457
O=C([O-])C1CC(Br)C(O)CC1O,-3.8561
CC(C(=O)[O-])C1CCC(C2CCCCC2)C(F)C1,-3.1811
CC1CNC(C(=O)NCCC2CCC(S(=O)(=O)[N-]C(=O)NC3CCCCC3)CC2)C[NH2+]1,-2.6468
NC1=NC2NCNC2C(=O)N1,-3.6982
NS(=O)(=O)C1CC2C(CC1C(F)(F)F)NCNS2(=O)=O,-3.7326
CC(C)CC1CCC(C(C)C(=O)[O-])CC1,-5.4881
CCN1C=C(C(=O)[O-])C(=O)C2CC(F)C(N3CC[NH2+]C(C)C3)C(F)C21,-4.4274
CC1CCCC([NH2+]C2CCCCC2C(=O)[O-])C1C,-2.9665
CC(=O)NC1CCC(O)CC1,-1.4644
CC[NH+](CC)CCNC(=O)C1CC(Cl)C([NH3+])CC1OC,-3.5944
ClC1CCC(COC(CN2CC[NH2+]C2)C2CCC(Cl)CC2Cl)C(Cl)C1,-4.6914
C=CC[NH+]1CCC23C4OC5C(O)CCC(CC1C2(O)CCC4=O)C53,-3.5655
COC1CCC2CC(C(C)C(=O)[O-])CCC2C1,-1.2214
O=C([O-])C1CCCNC1[NH2+]C1CCCC(C(F)(F)F)C1,-5.0685
CCN1C=C(C(=O)[O-])C(=O)C2CC(F)C(N3CC[NH2+]CC3)CC21,-2.8978
CC(=O)NC1NNC(S(N)(=O)=O)S1,-4.5789
CC1COC2C(N3CCN(C)CC3)C(F)CC3C(=O)C(C(=O)[O-])=CN1C32,-3.2385
C[NH+](C)C1C([O-])=C(C(N)=O)C(=O)C2(O)C(O)=C3C(=O)C4C(O)CCCC4C(C)(O)C3C(O)C12,-2.7565
COC1CCC(CC2[NH2+]CCC3CC(OC)C(OC)CC32)CC1OC,-4.0168
C1C[NH2+]C2C(C1)CCC1CCC[NH2+]C12,-1.2655
NC1NC([NH3+])CCC1N=NC1CCCCC1,-3.0881
CCC1(C2CCCCC2)C(=O)NC(=O)NC1=O,-3.8672
CCCC[c-]1c(=O)n(C2CCCCC2)n(C2CCCCC2)c1=O,-1.618
CC(C)[NH2+]CC(O)COC1CCCC2[NH2+]CCC21,-2.2935
CN1C(C(=O)NC2CCCC[NH2+]2)=C(O)C2CCCCC2S1(=O)=O,-4.3908
C=CCC1CCCCC1OCC(O)C[NH2+]C(C)C,-1.4927
CC[NH+](CC)CCOC(=O)C1CCC([NH3+])CC1,-3.7881
CC(C)[NH2+]CC(O)COC1CCCC2CCCCC21,-4.8019
C=CC1C[NH+]2CCC1CC2C(O)C1CC[NH2+]C2CCC(OC)CC21,-1.7191
O=C([O-])C1=CN(C2CCC(F)CC2)C2CC(N3CC[NH2+]CC3)C(F)CC2C1=O,-2.7865
CC1CN(C2C(F)C([NH3+])C3C(=O)C(C(=O)[O-])=CN(C4CC4)C3C2F)CC(C)[NH2+]1,-2.5009
CC(=O)[N-]S(=O)(=O)C1CCC([NH3+])CC1,-3.1334
CC1CC(C)NC(NS(=O)(=O)C2CCC([NH3+])CC2)N1,-3.3711
O=C([O-])C1CC(N=NC2CCC(S(=O)(=O)NC3CCCC[NH2+]3)CC2)CCC1O,-1.5199
[NH3+]C1CCC(S(=O)(=O)NC2NCCS2)CC1,-2.7325
CC1=C(CC(=O)[O-])C2CC(F)CCC2C1=CC1CCC(S(C)=O)CC1,-2.6892
CCCC[NH2+]C1CCC(C(=O)OCC[NH+](C)C)CC1,-3.6778
CN(C)C1C(=O)C(=C(N)[O-])C(=O)C2(O)C(=O)C3=C(O)C4C(O)CCCC4C(C)(O)C3CC12,-3.0109
CC1CCC(C(=O)C2CCC(CC(=O)[O-])[NH+]2C)CC1,-2.1857
NS(=O)(=O)C1CC2C(CC1Cl)NC(C(Cl)Cl)NS2(=O)=O,-4.0919
COC1CC(CC2CNC(N)NC2[NH3+])CC(OC)C1OC,-3.18
CC(CN1C2CCCCC2CCC2CCCCC21)C[NH+](C)C,-2.9511
[NH3+]CCC1C[NH2+]C2CCCCC12,-4.7889
COC1CCC(CC[NH+](C)CCCC(C#N)(C(C)C)C2CCC(OC)C(OC)C2)CC1OC,-3.2956
CC(=O)CC(C1=C(O)C2CCCCC2OC1=O)C1CCCCC1,-4.7838
C1=NC=NC2N=C(c3ccccc3)N=C12,-3.065
O=[N+]([O-])c1ccc(-c2nc3cc(Cl)ccc3[nH]2)o1,-4.819
O[P+]1(N(CCCl)CCCl)[NH2+]CCCO1,-0.815
O[P+]1(N(CCCl)CCCl)[NH2+]CCCCO1,-0.962
CCC1(CC)CCC(=O)NC1=O,-4.53
Cc1nc2nc[nH]c(=O)c2nc1C,-2.287
Cc1c(O)c(=O)ccn1-c1ccccc1,-2.027
Cc1ccc(-n2ccc(=O)c(O)c2C)cc1,-3.222
CCO[P+]([S-])(OCC)Oc1nc(Cl)c(Cl)cc1Cl,-5.399
Cc1nc(=O)[c-](C(N)=O)c(=O)[nH]1,-2.412
Cc1ccc2[nH]c(=O)c(=O)[nH]c2c1,-3.042
Nc1nc(=O)n(-c2ccccc2)[nH]1,-2.468
CCO[P+](O)(OCC)SCCSCC,-2.111
CCO[P+](S)(OCC)SCSC(C)(C)C,-4.284
CCCCO[P+](O)(OCCCC)OCCCC,-2.846
CCc1nc2nc[nH]c(=O)c2nc1CC,-1.912
Nc1[nH]c(=O)[nH]c2nc(=O)[n-]c1-2,-3.456
CCCCO[P+](O)(CCCC)CCCC,-1.717
O=[N+]([O-])C12CO[P+](O)(OC1)OC2,-0.813
CC(=O)OC(OC(C)=O)C(OC(C)=O)OC(C)=O,-2.097
CCCCC(CC)COC(=O)CCCCC(=O)OCC(CC)CCCC,-5.064
CCOC(=O)CC(S[P+](O)(OC)OC)C(=O)OCC,-3.336
Nc1nc2[n-]c(=O)cnc2c(=O)[nH]1,-4.554
Cc1nc2c(=O)[nH]cnc2[n-]c1=O,-2.154
O=c1[n-]c2nc[nH]c(=O)c2[nH]c1=O,-3.687
O=c1cnc2[nH]c(=O)[nH]c(=O)c2[n-]1,-3.125
Oc1cc2ccccc2cc1C1=[NH+]CCN1,-3.302
N#CC(C#N)=N[N-]c1ccccc1,-0.357
CCc1nc2cnc(=O)[n-]c2nc1CC,-2.264
Cn1c(=O)[nH]c2c(=O)[nH]c(=O)[nH]c21,-3.938
[O-]c1c(O)c(Cl)c(Cl)c(Cl)c1Cl,-3.546
O=[N+]([O-])c1ccc2c(c1)Cc1ccccc1-2,-4.723
O=c1[nH]c(=O)c2[n-]c(=O)c(=O)[nH]c2[nH]1,-4.057
CO[P+]([S-])(OC)Oc1ccc([N+](=O)[O-])c(C)c1,-4.297
CO[P+](O)(OC)OC(=CCl)c1cc(Cl)c(Cl)cc1Cl,-4.522
O=[N+]([O-])c1ccc(O[P+](O)(Oc2ccccc2)Oc2ccccc2)cc1,-4.959
CCO[P+](O)(OCC)Oc1ccc([N+](=O)[O-])cc1,-2.059
Nc1nc2ncc(=O)[n-]c2c(=O)[nH]1,-3.855
Nc1ccc(S(=O)(=O)N=C2CC=CN2)cc1,-1.694
Cc1nc2ccc([N+](=O)[O-])cc2c(=O)[nH]1,-2.215
CCC(=O)C(CCCCCCOc1ccc(OC)cc1Cl)C(=O)CC,-5.266
CCc1nc2[n-]c(=O)[nH]c(=O)c2nc1CC,-2.384
CC(=O)CC(C)=NCCN=C(C)CC(C)=O,-2.825
O=C([O-])C(=O)C(c1ccccc1)c1ccccc1,-2.334
CNC(=S)NC1C(=O)[N-]C(=O)NC1=O,-0.46
C[NH2+]CC(O)c1ccc(O)c(O)c1,-0.962
CS(=O)(=O)[N-]c1ccc([N+](=O)[O-])cc1Oc1ccccc1,-4.489
CC(=O)CC(C)=Nc1ccc(O)cc1,-3.585
CC(=O)CC(C)=Nc1ccccc1O,-3.553
CC(=O)CC(C)=Nc1ccc(N=C(C)CC(C)=O)cc1,-1.886
O=c1[nH]cnc2nc(-c3ccccc3)c(-c3ccccc3)nc12,-3.177
NC1=CC(=O)C(=O)c2ccccc21,-3.841
O=C([O-])CC[P+](O)(O)c1ccccc1,-3.078
O=C([O-])c1ccc([P+](O)(c2ccccc2)c2ccc(C(=O)[O-])cc2)cc1,-6.005
NS(=O)(=O)c1ccccc1-c1nc2ccccc2c(=O)[nH]1,-3.079
O=C([O-])c1ccc([P+](O)(O)c2ccccc2)cc1,-4.066
CCO[P+]([S-])(OCC)Oc1ccc2c(C)c(Cl)c(=O)oc2c1,-6.237
O=C1CC(c2ccccc2)CC(=O)[C-]1[N+](=O)[O-],-1.669
Nc1nc(O)c2ncn(C3C=CC(CO)C3)c2n1,-2.3
CCO[P+](O)(Cc1ccc(-c2nc3ccccc3s2)cc1)OCC,-4.002
O=[N+]([O-])c1ccc(-c2nc3cc(F)ccc3[nH]2)o1,-4.0
O=S(=O)([O-])c1ccc2ccccc2c1,-1.265
O=C1c2ccccc2C(=N[O-])[C-]1[N+](=O)[O-],-2.682
O=C(CCC[NH+]1CCC(O)(c2ccccc2)CC1)c1ccc(F)cc1,-2.871
O=C1C(S(=O)(=O)[O-])=C([O-])c2ccccc21,-2.232
NC(=[NH2+])NN=C1C=CC(=NNC(N)=[NH2+])c2ccccc21,-3.288
CCC1(CC)C(=O)N=C([O-])NC1=O,-0.066
COc1ccc(Cc2nccc3cc(OC)c(OC)cc23)cc1OC,-2.291
Nc1c(S(=O)(=O)[O-])ccc2ccccc12,-1.656
O=C(c1ccccc1)c1ccc2n1CCC2C(=O)[O-],-3.259
CCO[P+](O)(Cc1ccc(-c2nc3ccccc3s2)cc1)N1CCCC1=O,-3.728
CC(=O)OCSc1ncnc2[nH]cnc12,-2.144
CCOC1=C([N+](=O)[O-])CN(C(C)C)C1=O,-4.331
CC(C)=NNC(=[NH2+])N1Cc2cccc3cccc(c23)C1,-2.483
NC(=[NH+]c1ccc(N)cc1)N1Cc2cccc3cccc(c23)C1,-1.832
O=c1[nH]c(Nc2ccccc2)nc2[nH]cnc12,-4.118
CNC1=[NH+]c2ccc(Cl)cc2C(c2ccccc2)=[N+]([O-])C1,-3.39
NC(=[NH2+])NN=Cc1c(O)ccc2ccccc12,-2.456
OC(CC[NH+]1CCCCC1)(c1ccccc1)C1CCCCC1,-1.815
NC(=O)C1CCCN1C(=O)COC(=O)c1ccccc1,-1.045
CCCCO[P+](O)(O)OCCCC,-1.087
C[NH+]1CCC23c4c5ccc(OCc6ccccc6)c4OC2C(O)C=CC3C1C5,-2.222
CCOc1ccc2c3c1OC1C(O)C=CC4C(C2)[NH+](C)CCC341,-0.82
Cc1csc([N-]S(=O)(=O)c2ccc(N)cc2)n1,-2.909
O=[N+]([O-])c1cc([N+](=O)[O-])c([O-])c([N+](=O)[O-])c1,-2.83
c1ccc(CNc2ncnc3[nH]cnc23)cc1,-3.596
c1coc(CNc2ncnc3[nH]cnc23)c1,-3.946
C=CC1(C=C)C(=O)NC(=O)NC1=O,-2.063
CC(=O)N(C)C(=O)COC(=O)c1ccccc1,-0.495
CC1CCCC(C)N1C(=O)COC(=O)c1ccccc1,-0.824
CCC(=O)OCSc1ncnc2[nH]cnc12,-2.395
CCCC(=O)OCSc1ncnc2[nH]cnc12,-2.694
CCCCC(=O)OCSc1ncnc2[nH]cnc12,-3.103
CCCCCC(=O)OCSc1ncnc2[nH]cnc12,-3.622
CCCCCCCC(=O)OCSc1ncnc2[nH]cnc12,-4.614
CCCOCC(=Nc1ccc(Cl)cc1C(F)(F)F)n1ccnc1,-4.442
CN(C)c1ccc(N=Nc2ccccc2)cc1,-5.252
O=C1NC(c2ccccc2)(c2ccccc2)C(=O)N1CO,-4.469
N#CN=C1NCCN1Cc1ccc(Cl)nc1,-2.632
CS(=O)(=O)c1ccc(C2=C(c3ccccc3)C(=O)OC2)cc1,-4.52
CC(O)C(O)c1cnc2nc(N)[nH]c(=O)c2n1,-3.096
COc1ccc([N+](=O)[O-])cc1N,-3.165
CN1CC(O)C2=CC(=NNC(N)=O)C(=O)C=C21,-2.723
Oc1ccc(N=Nc2ccccc2)c(O)c1,-3.076
[NH3+]CC(=O)NC(Cc1c[nH]c2ccccc12)C(=O)[O-],-1.8856
CCNC1CC(C)S(=O)(=O)c2sc(S(N)(=O)=O)cc21,-1.2219
[NH3+]C(CC(=O)[O-])C(=O)[O-],-1.2219
[NH3+]C(C(=O)[O-])C(O)c1ccccc1,-1.3188
Cc1cc(O)ccc1C(=O)[O-],-1.4949
CCc1cc(O)ccc1C(=O)[O-],-1.9586
CCCc1cc(O)ccc1C(=O)[O-],-2.3979
CCCCc1cc(O)ccc1C(=O)[O-],-2.8239
CC(C)[NH2+]CC(O)c1ccc(O)c(O)c1,0.14
COc1ccc(C(=O)c2ccc(S(N)(=O)=O)s2)cc1,-4.4733
CC(C)C[NH+](C)Cc1cc(C(=O)c2ccc(S(N)(=O)=O)s2)ccc1[O-],-1.3785
C[NH+](C)Cc1cc(C(=O)c2ccc(S(N)(=O)=O)s2)ccc1[O-],-1.4906
CC(C)C[NH2+]Cc1cccc(C(=O)c2ccc(S(N)(=O)=O)s2)c1,-1.5471
NS(=O)(=O)c1ccc(C(=O)c2cccc(CN3CCOCC3)c2)s1,-1.8828
CC(C)CC[NH2+]Cc1cccc(C(=O)c2ccc(S(N)(=O)=O)s2)c1,-1.4569
COc1ccc(C(=O)c2ccc(S(N)(=O)=O)o2)cc1,-4.1481
COc1ccc(S(=O)(=O)c2ccc(S(N)(=O)=O)s2)cc1,-4.2219
NS(=O)(=O)c1ccc(S(=O)(=O)c2ccc(O)cc2)s1,-3.0272
Cc1ccc(S(=O)(=O)c2ccc(S(N)(=O)=O)s2)cc1,-4.0245
NS(=O)(=O)c1ccc(S(=O)(=O)c2ccc(CN3CCOCC3)cc2)s1,-1.0607
CC(C)C[NH2+]Cc1ccc(S(=O)(=O)c2ccc(S(N)(=O)=O)s2)cc1,-1.1196
CCCC[NH2+]Cc1ccc(S(=O)(=O)c2ccc(S(N)(=O)=O)s2)cc1,-1.6449
NS(=O)(=O)c1ccc(C(=O)c2ccc(O)cc2)s1,-2.8612
NS(=O)(=O)c1ccc(S(=O)(=O)c2ccc(C[NH2+]Cc3ccccn3)cc2)s1,-0.6726
NS(=O)(=O)c1ccc(S(=O)(=O)c2cccc(O)c2)s1,-2.719
CC(C)C[NH2+]Cc1cccc(S(=O)(=O)c2ccc(S(N)(=O)=O)s2)c1,-1.552
CCC(C)[NH2+]Cc1cccc(S(=O)(=O)c2ccc(S(N)(=O)=O)s2)c1,-1.2884
CC(C)C[NH2+]Cc1ccccc1S(=O)(=O)c1ccc(S(N)(=O)=O)s1,-1.9266
CC(C)[NH2+]Cc1cccc(S(=O)(=O)c2ccc(S(N)(=O)=O)s2)c1,-1.5165
CC(C)(C)[NH2+]Cc1cccc(S(=O)(=O)c2ccc(S(N)(=O)=O)s2)c1,-1.9362
NS(=O)(=O)c1ccc(S(=O)(=O)c2ccccc2CNCc2ccccn2)s1,-1.9109
CC[NH+](CC)Cc1ccc(S(=O)(=O)c2ccc(S(N)(=O)=O)s2)cc1O,-2.4608
COc1ccc(S(=O)(=O)c2ccc(S(N)(=O)=O)o2)cc1,-3.0244
NS(=O)(=O)c1ccc(S(=O)(=O)c2ccc(O)cc2)o1,-2.4027
Cc1ccc(C(=O)c2ccc(S(N)(=O)=O)s2)cc1,-4.4492
Cc1ccc(S(=O)(=O)c2ccc(S(N)(=O)=O)o2)cc1,-3.7801
C[NH2+]Cc1ccc(C(=O)c2ccc(S(N)(=O)=O)s2)cc1,-2.352
CC(C)C[NH2+]Cc1ccc(C(=O)c2ccc(S(N)(=O)=O)s2)cc1,-2.003
NS(=O)(=O)c1ccc(C(=O)c2ccc(C[NH2+]Cc3ccccc3)cc2)s1,-3.3319
CCCC[NH2+]Cc1ccc(C(=O)c2ccc(S(N)(=O)=O)s2)cc1,-2.1669
NS(=O)(=O)c1ccc(C(=O)c2ccc(CN3CCOCC3)cc2)s1,-1.4812
C[NH+]1CCN(Cc2ccc(C(=O)c3ccc(S(N)(=O)=O)s3)cc2)CC1,-1.8802
CC[NH+](CC)Cc1cc(C(=O)c2ccc(S(N)(=O)=O)s2)ccc1[O-],-1.0324
CC(O)C(=O)[O-],1.045
O=[N+]([O-])C(Br)(CO)CO,0.097
[NH3+]C(CCC(=O)[O-])C(=O)[O-],-1.235
O=CC(O)C(O)C(O)CO,0.824
COC(C[Hg+])CNC(N)=O.[Cl-],-1.524
O=C[O-],1.337
CCOS(=O)(=O)OCC,-1.343
O=C([O-])CS,1.036
O=C1NC(=O)C2NC(=O)NC2N1,-3.453
C=C(F)F,-0.706
O=CC(Cl)(Cl)Cl,-0.691
CCC(OC)(OC)OC,0.872
CCC(=O)[O-],1.13
[NH3+]Cc1cccc2c1C(=O)c1ccccc1C2=O,-6.3
O=[N+]([O-])c1cc([N+](=O)[O-])c([O-])c([N+](=O)[O-])c1[O-],-1.662
O=C([O-])C(O)C(O)C(=O)[O-],0.589
Nc1nc(N)nc(-c2ccccc2)n1,-2.494
O=C(OOC(=O)c1ccccc1)c1ccccc1,-4.425
N#CSc1ccccc1,-3.177
OCC(O)COc1ccc(Cl)cc1,-1.307
CC(C)(C)OOC(C)(C)C,-3.165
O=C([O-])C=CC(=O)[O-],0.58
N#CCCC#N,0.204
O=C([O-])CCSCCC(=O)[O-],-0.68
O=C([O-])CCCCCCCCC(=O)[O-],-2.306
O=C1C(Cl)=C(Cl)C(=O)c2ccccc21,-4.382
O=C([O-])CCC(=O)OOC(=O)CCC(=O)[O-],-0.847
CC(=O)c1c(O)c(C)c(O)c2c1OC1=CC(=O)C(C(C)=O)C(=O)C12C,-3.537
CC12CCC(=O)C=C1C(F)CC1C2C(O)CC2(C)C1CCC2(O)C(=O)CO,-3.434
OCc1ccccc1OCC1OC(O)C(O)C(O)C1O,-0.855
CCCCC(CC)C(=O)[O-],-1.858
CC(CCC(=O)NCC(=O)[O-])C1CCC2C3CCC4CC(O)CCC4(C)C3CC(O)C12C,-5.222
Cc1ncc([N+](=O)[O-])n1C(C)O,-1.256
O=c1[n-]c2nccnc2c(=O)[nH]1,-2.118
O=C1C=CC=CC1=CNNC(=O)c1ccncc1,-3.683
CC(=CC(=O)[O-])C(=O)[O-],0.779
CN(C)c1ccc(C(=C2C=CC(=[N+](C)C)C=C2)c2ccc(N(C)C)cc2)cc1.[Cl-],-2.009
[NH3+]CCNc1cccc2ccccc12,-1.969
COc1cc(C2c3cc4c(c(O)c3CC3OC(=O)C32)OCO4)cc(OC)c1OC,-4.125
N=C1C=CC(=C(c2ccc(N)cc2)c2ccc(N)cc2)C=C1,-1.981
[O-]c1ccnc(O)c1,-1.25
CCC(CC)[N+](=O)[O-],-1.955
O=C([O-])c1ccccc1S(=O)(=O)[O-],0.393
O=C([O-])c1ccc(O)c(C(=O)[O-])c1,-2.783
O=C([O-])CCCCCCCCCCC(=O)[O-],-3.76
CCOP(=S)(CC)Sc1ccccc1,-4.159
O=C(NCN1CCOCC1)c1cnccn1,0.176
O=C1C=CC(=NNc2ccccc2)C=C1,-3.343
CNC(=O)Oc1ccc(SC)c(C)c1,-3.973
COc1cc(N=Nc2c(Br)cc([N+](=O)[O-])cc2[N+](=O)[O-])c(NC(C)=O)cc1N(CCOC(C)=O)CCOC(C)=O,-8.08
CCC1C2CC3CC4(CO)c5ccccc5N(C)C4C(C2)[NH+]3C1O,-2.824
CN(C)C(=O)Nc1cccc(NC(=O)OC(C)(C)C)c1,-2.934
O=[N+]([O-])c1cc(S(=O)(=O)Nc2ccccc2)ccc1Nc1ccccc1,-6.269
Clc1ccc2c(c1)oc1c(Cl)cccc12,-7.214
O=C1c2ccccc2C(=O)[C-]1c1ccc2ccccc2n1,-6.209
CCC(C)c1ccc(C(C)C(=O)[O-])cc1,-3.992
O=C([O-])CC(Cl)C(=O)[O-],0.077
CNC(=O)ON=C(C)SC,-0.447
O=C([O-])c1cnc(O)nc1O,-1.938
CCOP(=S)(COC)SCCl,-3.592
CC(C)c1cccc(OP(=O)(Oc2ccccc2)Oc2ccccc2)c1,-5.224
CC(C)CCCCCCCOP(=O)(Oc1ccccc1)Oc1ccccc1,-5.717
CC(=O)OCOC(=O)c1ccccc1OC(C)=O,-2.016
CCCN(CCCl)c1c([N+](=O)[O-])cc(C(F)(F)F)cc1[N+](=O)[O-],-4.551
Clc1cc(Cl)c2c(c1)Oc1cc(Cl)cc(Cl)c1O2,-9.003
Brc1cc(Br)c(-c2cc(Br)c(Br)cc2Br)cc1Br,-7.756
CC(C)(C)C(=O)C(Oc1ccc(Cl)cc1)n1cccn1,-4.726
CNC(=NCCSCc1[nH]cnc1C)NC#N,-1.345
CC(C)C(C(=O)OC(C#N)c1cccc(Oc2ccccc2)c1)c1ccc(Cl)cc1,-7.243
Clc1cc(Cl)cc(-c2cc(Cl)cc(Cl)c2Cl)c1,-7.82
COC1OC(CNC(=O)N(CCCl)N=O)C(O)C(O)C1O,0.087
CCCCCCCCCc1ccc(OP(=O)(Oc2ccccc2)Oc2ccccc2)cc1,-5.769
Nc1nc(NC2CC2)nc(N)[nH+]1,-1.179
Cc1cccc(C)c1N(Cn1cccn1)C(=O)CCl,-4.213
CC(Cc1ccc(C(C)(C)C)cc1)C[NH+]1CC(C)OC(C)C1,-3.637
COC(=O)c1ccc(C)cc1C1NC(=O)C(C)(C(C)C)N1,-2.53
COC(=O)c1cc(C)ccc1C1NC(=O)C(C)(C(C)C)N1,-2.326
CCN1C(=O)C(=N[N-]c2ccc(Cl)cc2[N+](=O)[O-])C(C)=C(C#N)C1=O,-6.69
CCONC(CC)=C1C(=O)CC(c2c(C)cc(C)cc2C)CC1=O,-4.74
CC(=O)n1ncc2c(O)ncnc21,-2.376
CCC(=O)n1ncc2c(O)ncnc21,-2.807
O=C(c1ccccc1)n1ncc2c(O)ncnc21,-4.234
CCCC(=O)n1ncc2c(O)ncnc21,-3.273
CC(C)(C)C(=O)OCn1ncc2c(O)ncnc21,-2.682
CCN(CC)C(=O)CCC(=O)OCn1ncc2c(O)ncnc21,-0.988
CC(=O)OCn1ncc2c(O)ncnc21,-2.555
O=C(OCn1ncc2c(O)ncnc21)c1ccccc1,-4.052
O=C(OCn1ncc2c(O)ncnc21)c1cccnc1,-3.465
NS(=O)(=O)c1ccc(SCCCO)s1,-1.426
CC(=O)OCCCS(=O)(=O)c1ccc(S(N)(=O)=O)s1,-2.551
CCCOC1OC(CO[N+](=O)[O-])C(O[N+](=O)[O-])C(O[N+](=O)[O-])C1O[N+](=O)[O-],-5.017
NS(=O)(=O)c1ccc(S(=O)(=O)CCO)cc1,-1.604
CC(C)(O)CCSc1ccc(S(N)(=O)=O)cc1,-2.838
NS(=O)(=O)c1ccc(S(=O)(=O)CCCO)cc1,-1.589
CC(C)(O)CCS(=O)(=O)c1ccc(S(N)(=O)=O)cc1,-1.944
NS(=O)(=O)c1ccc(SCCO)c([N+](=O)[O-])c1,-2.746
NS(=O)(=O)c1ccc(SCCCO)c([N+](=O)[O-])c1,-3.466
COC(=O)c1cc(S(N)(=O)=O)ccc1SCCCO,-2.414
COC(=O)c1cc(S(N)(=O)=O)ccc1S(=O)(=O)CCCO,-1.382
NS(=O)(=O)c1ccc(SCCO)c(F)c1,-1.622
NS(=O)(=O)c1ccc(SCCCO)c(F)c1,-2.47
NS(=O)(=O)c1ccc(SCCCCO)c(F)c1,-2.446
NS(=O)(=O)c1ccc(S(=O)(=O)CCO)c(F)c1,-1.934
NS(=O)(=O)c1ccc(S(=O)(=O)CCCO)c(F)c1,-1.654
NS(=O)(=O)c1ccc(S(=O)(=O)CCCCO)c(F)c1,-1.834
CCCCOC1OC(CO[N+](=O)[O-])C(O[N+](=O)[O-])C(O[N+](=O)[O-])C1O[N+](=O)[O-],-5.295
CN(CCO)C(=O)COC(=O)c1ccccc1O,-1.604
CCOC1OC(CO[N+](=O)[O-])C(O[N+](=O)[O-])C(O[N+](=O)[O-])C1O[N+](=O)[O-],-4.465
CCCC(=O)OCOC(=O)c1ccccc1OC(C)=O,-2.904
Cc1ccc(S(=O)(=O)c2csc(S(N)(=O)=O)c2)cc1,-4.024
Cc1ccc(S(=O)(=O)c2coc(S(N)(=O)=O)c2)cc1,-3.78
NS(=O)(=O)c1ccc(SCCCCO)s1,-1.459
NS(=O)(=O)c1ccc(S(=O)(=O)CCCCO)s1,-1.481
NS(=O)(=O)c1ccc(S(=O)(=O)CCCCO)cc1,-2.145
Nc1cc(S(N)(=O)=O)ccc1S(=O)(=O)CCO,-1.327
CC(=O)OCCCc1ccc(S(N)(=O)=O)cc1,-2.206
CC(=O)OCCCCCc1ccc(S(N)(=O)=O)cc1,-2.376
S=c1nc[nH]c2nc[nH]c12,-0.3468
COC(=O)C1C2CC3c4[nH]c5cc(OC)ccc5c4CC[NH+]3CC2CC(OC(=O)c2cc(OC)c(OC)c(OC)c2)C1OC,-3.9208
O=C(O[Na])c1ccccc1O,-0.1075
NC(=NC(N)=[NH+]CCCCCC[NH+]=C(N)N=C(N)Nc1ccc(Cl)cc1)Nc1ccc(Cl)cc1,-2.8006
CCCC[Sn](CCCC)(CCCC)OC(C)=O,-3.73
Cc1ncc(CO)c(CO)c1O.[Cl-],0.0293
O=C([O-])CN(CCN(CC(=O)[O-])CC(=O)[O-])CC(=O)[O-],-2.4658
CN(C)c1ccc2nc3ccc(N(C)C)cc3[s+]c2c1.[Cl-],-0.8655
O=C([O-])CF.[Na+],1.0452
O=C([O-])CN(CCN(CC(=O)[O-])CC(=O)[O-])CC(=O)[O-].[Na+].[Na+].[Na+].[Na+],0.119
Cc1ncc(CO)c(C=O)c1O.[Cl-],0.3901
C/C1=C2/[NH+]=C(/C=C3\[NH+]=C(/C(C)=C4/C(CCC(N)=O)C(C)(CC(N)=O)C(C)(C5N=C1C(C)(CCC(=O)NCC(C)OP(=O)([O-])OC1C(CO)OC(n6cnc7cc(C)c(C)cc76)C1O)C5CC(N)=O)N4[Co]C#N)C(C)(CC(N)=O)C3CCC(N)=O)C(C)(C)C2CCC(N)=O,-2.0355
CC(O)C(=O)O[Na],0.9505
Nc1[n-]cnc2ncnc1-2,-2.1179
CN=O,0.5768
C[As](C)(=O)[O-],1.1612
FC(F)(F)C(F)(F)F,-4.2489
O[Sn](c1ccccc1)(c1ccccc1)c1ccccc1,-5.9626
COC(N)(OC)OC,0.6571
CCCCOC(=O)CC(CC(=O)OCCCC)(OC(C)=O)C(=O)OCCCC,-4.9058
C=CC(=O)[O-],1.1423
CC(=O)OO,1.1189
CC(C)(OO)c1ccccc1,-1.0394
O=C1c2ccccc2C(=O)[C-]1C(=O)C(c1ccccc1)c1ccccc1,-6.0548
O=P([O-])([O-])OC1C(OP(=O)([O-])[O-])C(OP(=O)([O-])[O-])C(OP(=O)(O)O)C(OP(=O)(O)O)C1OP(=O)([O-])[O-],0.1804
O=C1c2ccc(O)cc2C(=O)c2ccc(O)cc21,-5.8892
[Br-].[Br-].c1cc[n+]2c(c1)-c1cccc[n+]1CC2,0.3133
Cn1c(=O)c2[n-]c(Cl)nc2n(C)c1=O,-1.5075
Cc1ccc2c(=O)[nH]c(=O)[nH]c2c1,-3.1354
Cc1cc2nc3ccc(=[N+](C)C)cc-3sc2cc1N.[Cl-],-0.9034
CC(=O)CC(=O)c1ccccc1,-2.6268
CCC(CC)OC(=O)CCOCCOCCOC(=O)C(CC)CC,-3.2386
CC(N=O)=C(C)NO,-2.2868
O=C1OCCO1,1.0552
Nc1cc([N+](=O)[O-])cc([N+](=O)[O-])c1[O-],-2.4862
COc1ccc(N)c([N+](=O)[O-])c1,-3.1465
[O-]c1c(Cl)cc(Cl)cc1Sc1cc(Cl)cc(Cl)c1[O-],-4.9495
COc1ccc(S(=O)(=O)[O-])cc1N,-0.8997
[NH2+]=C(Nc1ccccc1)Nc1ccccc1,-2.3248
C=CC(=O)OCC(CC)CCCC,-3.2655
COc1ccc(CO)cc1,-1.8394
CCCCOC(=O)C=CC(=O)OCCCC,-2.6595
COC(=O)CCC(=O)OC,-0.7668
[NH3+]CC[NH3+],1.2211
Oc1nc(O)nc(O)n1,-1.8098
C[NH+](C)CCCCl,-0.1985
OCCCCO,1.0452
[NH3+]CCNCC[NH3+],0.9864
[NH3+]CC[NH2+]CCO,0.9823
CCCCCCCCCCCCNC(N)=[NH2+],-2.5574
CCCCCCCCCCCCCCCCCCCCCC(=O)[O-],-7.3281
CCC(C)C(=O)[O-],-0.3559
O=C1C(Cl)=C(Cl)C(=O)C(Cl)=C1Cl,-2.9928
Cc1cc(Cc2cc(C)cc(C(C)(C)C)c2O)c(O)c(C(C)(C)C)c1,-7.2311
c1ncc2nc[nH]c2n1,0.6194
c1ccc2sc(SSc3nc4ccccc4s3)nc2c1,-4.5218
Nc1ccc(S(=O)(=O)[O-])cc1,-1.2051
COCC[Hg+].[Cl-],-0.771
C[As](=O)([O-])O,0.2622
CO[P+](OC)(OC)OC.[Cl-],0.322
CC(=O)C(=O)[O-],1.0552
CC(O)C(=O)O[Ag],-0.4702
CCC(=O)O[Na],0.7164
CNC(=S)[S-].[Na+],0.7473
O=C([O-])CN(CC(=O)[O-])CC(=O)[O-],-0.5101
CN(C)c1ccc(N=NS(=O)(=O)[O-])cc1.[Na+],-1.0991
CCCCC(CC)COC(=O)C=CC(=O)OCC(CC)CCCC,-3.5321
O=CO[Na],0.8049
[NH3+]C(CCC(=O)[O-])C(=O)[O-].[Na+],0.3573
S=C([S-])NCCNC(=S)[S-].[Na+].[Na+],-0.1078
C1C[NH2+]CCN1.[Cl-].[Cl-],0.4112
CCC(C)C1(CC)C(=O)N=C(O[Na])NC1=O,0.1528
C[OH+][As]([O-])[O-].[Na+].[Na+],0.3711
O=C(CCC(=O)O[Na])O[Na],0.0914
C#N.[K+],1.0436
c1ncc2[n-]nnc2n1,-0.2319
c1cn[nH]c1,-0.5452
C(=Cc1ccccc1)CN1CC[NH+](C(c2ccccc2)c2ccccc2)CC1,-2.6914
O=C([O-])Cn1cc(I)c(=O)c(I)c1,-0.0511
O=C(O[Na])C(O)C(O)C(=O)O[K],0.3984
O=C([O-])c1cc(Cl)ccc1O,-1.237
O=c1c(Br)cc(Br)cc(Br)c1[O-],-3.5911
Cc1[nH]cnc1CC([NH3+])C(=O)[O-],0.0727
F[P](F)(F)(F)(F)F.N#[N+]c1ccccc1,-1.4438
F[Sn](c1ccccc1)(c1ccccc1)c1ccccc1,-5.4879
N#CN,1.0753
CC12CCC3C4CCC(=O)C=C4CCC3C1CCC2O,-1.9484
CCOc1ccc2[nH+]c3cc(N)ccc3c(N)c2c1,-0.5802
CCC(=O)OC(c1ccccc1)C(c1ccccc1)C(C)C[NH+](C)C,-5.0097
CC1(C(=O)[O-])CC(C(=O)[O-])C(C)(C)C1,-1.6388
C[NH+]=C(N)N,-1.6135
CC(C)(CC(=O)[O-])C1CCC(C(=O)[O-])C1,-1.507
O=C([O-])C(O)CO,0.9744
Cc1cc2nc3cc(C)c(N)cc3[n+](-c3ccccc3)c2cc1N.[Cl-],-0.8462
Cn1ncnc2c(=O)n(C)c(=O)nc1-2,-1.9849
CC(O)C(O)c1nc2c(O)nc(N)nc2nc1O,-2.9264
[O-][n+]1ccc2ccccc2c1,-2.4842
Nc1nc(O)c2nc(O)c(O)nc2n1,-5.1655
COC(CNC(=O)c1ccccc1OCC(=O)[O-])C[Hg]O.[Na+],-0.0051
CN(C)c1ccc2cc3ccc(N(C)C)cc3[nH+]c2c1,-2.5787
O=C([O-])C1=CC(=O)C(=O)C(C(=O)[O-])O1,-1.377
O=C([O-])c1cccc(C(=O)[O-])[nH+]1,-1.5241
C[Hg]NC(=N)NC#N,-1.1388
O=C1OC2(c3ccc(O)cc3Oc3cc(O)ccc32)c2ccccc21,-3.8226
Cc1ncc(CO)c(C[NH3+])c1O,0.4731
O=S(=O)([O-])c1cccc2c(S(=O)(=O)[O-])cccc12,0.5402
CC(C)[NH2+]C(O)C=COc1cccc2ccccc12,-3.6202
O=C(O[Na])C(O)C(O)C(O)C(O)CO,0.4321
O=C(O[Cu]OC(=O)C(O)C(O)C(O)C(O)CO)C(O)C(O)C(O)C(O)CO,-0.1798
O=NC1=C(NO)CCCCC1,-1.4249
O=C([O-])c1ccccc1.[Na+],0.5864
Nc1ccc(N=Nc2ccccc2)c(N)c1,-4.0947
CCOCC(=O)Oc1ccc(Cl)cc1Cl,-3.3503
CC(=O)O[U](=O)(=O)OC(C)=O,-0.589
ClC=C[As](Cl)Cl,-2.6177
O=CO[Ba]OC=O,-0.0557
CC(NC(=O)C=CC(=O)[O-])C(=O)[O-],-0.9712
CC1=CC(=O)CC(=O)O1,-1.1185
CC(=O)O[Ba]OC(C)=O,0.1948
CCCCOC(=O)NC,-1.4403
CC(=O)O[Sr]OC(C)=O,0.1446
O=C([O-])c1cc(C(=O)[O-])cc(C(=O)[O-])c1,-0.9026
ClCCN(CCCl)CCCl,-3.1066
CCCCC(=O)O[Zn]OC(=O)CCCC,-1.2722
CC(=O)O[Zn]OC(C)=O,0.2179
O=CO[Zn]OC=O,-0.4755
CC([NH3+])(C(=O)[O-])c1ccccc1,-0.5367
CC(=O)C(=O)c1ccccc1,-1.7558
O=c1ccc2ccc[nH]c-2c1,-2.5038
O=C(O[K])C(=O)O[K],0.1773
OCC(O)C(O)C(O)C(O)COC1C(CO)OC(O)C(O)C1O,0.2872
O=CC(O)C(O)C(O)C(O)COC1OC(CO)C(O)C(O)C1O,0.4656
O=C(O[K])OOC(=O)O[K],-0.4737
O=CO[K],0.9288
N=C(NOS(=O)(=O)ONC(=N)NC(N)=O)NC(N)=O,-0.7814
OCCOCc1ccccc1,-0.6633
CNc1ccc(O)cc1,-1.0905
CC([NH3+])CCC(=O)[O-],0.539
Cl[Sn](c1ccccc1)(c1ccccc1)c1ccccc1,-5.586
CCCC[Sn](Cl)(Cl)CCCC,-3.5188
Oc1ncnc2nccnc12,-1.4716
C[Sn](C)(Cl)Cl,-1.0407
CC(=O)C=O,1.1423
O=S1(=O)CS(=O)(=O)O[Ca]O1,0.1255
O=C1OC2C(O)C(=O)OC2C1O,-0.4961
Cc1nc2c(=O)[c-](N)c(=O)n(C)c2[nH]1,-0.7276
O=C(CC(O)(CC(=O)O[K])C(=O)O[K])O[K],0.2962
O=C([O-])c1ccccc1C(=O)O[K],-0.3895
CCOC(=O)c1cccc(N)c1,-0.218
CC(=O)O[Sn](c1ccccc1)(c1ccccc1)c1ccccc1,-4.6575
NC(=[NH2+])c1ccc(N=NNc2ccc(C(N)=[NH2+])cc2)cc1,-0.6251
CC(OC(=S)N(C)C)C(=O)[O-],-0.9475
O=C([O-])CCSC(=S)SCCC(=O)[O-],-1.9283
CCSC(=S)OC(C)C(=O)[O-],-1.4293
Cc1ccc[n+]([O-])c1,0.9621
CC[Pb](Cl)(CC)CC,-1.4691
CCCC[Sn](CCCC)(OC(C)=O)OC(C)=O,-4.7672
[O-]c1cnn(-c2ccccc2)c1,-1.9616
CCC([NH3+])C(=O)NC(CC)C(=O)[O-],-1.297
Cl[Sn](Cl)(c1ccccc1)c1ccccc1,-3.8373
Oc1cc(O)ncn1,-1.6516
CC[n+]1c(-c2ccccc2)c2cc(N)ccc2c2ccc(N)cc21.[Br-],-1.2948
CCCCC(CC)COP(=O)(Oc1ccccc1)Oc1ccccc1,-5.2804
CC1=C(Cc2c(C)n(C)n(-c3ccccc3)c2=O)C(=O)c2ccccc2NN1C,-2.9549
Cc1ccc(C)c(N)c1,-2.7391
O=CC1=CCCCC1,-1.8202
Clc1cc2ccccc2c(Cl)c1Cl,-6.5517
CC1CCC(=O)CC1,-1.1946
C#CC(C)C(C)C(C)C(C)C(O)C(O)CC,-2.2756
CCC=CC=CC=CC=CCCCCCCCC(=O)[O-],-2.8853
O=C1c2c(O)cccc2C(C2OC(CO)C(O)C(O)C2O)c2cc(CO)cc(O)c21,-1.7025
O=C1C=CC(=NNc2ccc([N+](=O)[O-])cc2)C=C1,-4.796
CCCC[Sn](Cl)(CCCC)CCCC,-4.2821
C[Pb](C)(C)Cl,-0.4727
CCOC(=O)CC(SP(=O)(OC)OC)C(=O)OCC,-1.6223
O=[N+]([O-])c1ccc(NN=CCCCO)c([N+](=O)[O-])c1,-2.8264
N#C[S-].[NH4+],0.9178
CC(=CN=O)NO,-0.3462
CCCCO[PH](=O)OCCCC,-1.4249
CCC(C)Nc1nc(Cl)nc(NCCCOC)n1,-3.3582
C[n+]1ccc(-c2cc[n+](C)cc2)cc1.[Cl-].[Cl-],0.4349
COc1ccc(C(C)C(=O)[O-])cc1,-2.2144
CCCCOC(=O)c1ccc(C(=O)OCCCC)cc1,-5.4669
CCCC[Sn](F)(CCCC)CCCC,-4.7119
O=C1C=CC(=NNc2ccccc2)C([O-])=C1,-3.0299
CCNc1nc(=O)nc(NC(C)C)[nH]1,-4.5241
C[As](=O)([O-])O.[Na+],0.554
O=c1ncc2nc[nH]c2[nH]1,-1.7136
Sc1nc2ccccc2o1,-2.1795
O=C([O-])c1ccc[n+]([O-])c1,-1.2983
CC(=O)[O-].CCCCCCCCCCCCNC(N)=[NH2+],-2.6592
O=C([O-])CN(CP(=O)([O-])O)CP(=O)([O-])O,-0.0256
N=C(NO)C(=[NH2+])NO,-0.7773
C[Hg]C#N,-0.0821
O=S(=O)([O-])c1cc(S(=O)(=O)[O-])c2c(N=Nc3ccc(S(=O)(=O)[O-])c4ccccc34)c(O)ccc2c1.[Na+].[Na+].[Na+],-0.8783
FC(F)(F)c1nc2c(Cl)c(Cl)ccc2[nH]1,-3.5677
c1ccc2c(c1)=NC(c1ccoc1)N=2,-3.414
COC(=O)CO[N+](=O)[O-],-0.7432
CC(=O)Nc1ccc(S(=O)(=O)NC2C(O)OC(CO)C(O)C2O)cc1,-1.0985
O=C([O-])CCCP(=O)([O-])O,0.5012
CCC(N=O)=C(CC)NO,-2.5525
O=c1cc[nH]cn1,0.586
CC(C)c1ccc(Br)c(=O)c([O-])c1Br,-4.4665
O=c1ccccc(Br)c1[O-],-2.4352
CC(C)c1ccc(C(O)C(=O)[O-])cc1,-2.0125
O=c1ccc(Br)cc(Br)c1[O-],-3.5026
O=c1c(Br)cccc(Br)c1[O-],-3.5026
CCC1(CC)OC(=O)c2ccccc21,-2.8643
c1ccc2sc(SN(C3CCCCC3)C3CCCCC3)nc2c1,-6.7886
COC1OC(C(=O)[O-])C(O)C(O)C1O,0.014
COC(=O)C1OC(OC)C(O)C(O)C1O,-0.264
C[NH+]1C2CCC1CC(OC(=O)CC(OS(=O)(=O)[O-])c1ccccc1)C2,-1.5675
CC1CC=C(C(=O)[O-])C(C)O1,-0.7957
NC(=[NH2+])NC(=[NH2+])Nc1ccc2ccccc2c1,-2.5497
[NH3+]C(CS(=O)(=O)c1ccc(Cl)cc1)C(=O)[O-],-2.5324
Cn1cnc2[nH]c(Cl)nc(=NN)c21,-1.1427
O=C1CNC(=O)C(Cc2ccc(O)cc2)N1,-1.0418
NC(=O)C1CCC(=O)N1c1ccccc1,-1.3278
[NH3+]CCCCCC(=O)NCCCCCC(=O)NCCCCCC(=O)NCCCCCC=O,-2.8126
CC(NC=O)C(=O)[O-],0.0106
Cc1nc2c(c(=O)[nH]c(=O)n2C)n1C,-0.5432
O=C([O-])c1cc(N=Nc2ccc(S(=O)(=O)[O-])cc2)ccc1O,-1.5083
COc1ccc(C(=O)[O-])cc1OC,-2.593
O=C(OCC(O)CO)c1ccccc1O,-1.3267
CC[NH2+]CC.[Br-],0.8123
COC(=O)CC(C)C(=O)[O-],-0.2617
O=P([O-])([O-])OP(=O)([O-])O.[Na+].[Na+].[Na+].[Na+],-0.5141
BrBr,-0.6773
O.O.O.O.O.O=S(=O)([O-])[O-].[Cu+2],-0.8922
O=[As]([O-])([O-])O,0.6187
C[n+]1c2cc(N)ccc2cc2ccc(N)cc21.[Cl-],-0.0166
O=S1CSCS(=O)C1,-1.0007
CC1OC(Nc2ccc(S(N)(=O)=O)cc2)C(O)C(O)C1O,-0.5029
O=C([S-])CCCCC(=O)[S-],-1.7326
O=C[Mn+](C=O)C=O,-3.8762
CNC(=O)Oc1cc(C)c(C)c(C)c1,-1.9851
O=C([O-])CC[Ge](=O)O[Ge](=O)CCC(=O)[O-],-1.4932
COC1CC(OC2CCC3(C)C4CCC5(C)C(C6=CC(=O)OC6)CCC5(O)C4CCC3(O)C2)OC(C)C1OC1OC(CO)C(O)C(O)C1O,-1.94
O=[N+]([O-])c1ccc(ON=Cc2cc(Br)c([O-])c(Br)c2)c([N+](=O)[O-])c1,-6.6637
NC(=[NH2+])NC(=[NH2+])Nc1cccc2ccccc12,-2.3151
COC1/C=C\OC2(C)Oc3c(C)c(O)c4c(c3C2=O)C(=O)C(=CNN2CC[NH+](C)CC2)C(=C4O)NC(=O)/C(C)=C\C=C/C(C)C(O)C(C)C(O)C(C)C(OC(C)=O)C1C,-2.7693
O=COCc1ccco1,-0.9835
CCCC1CNCC[NH2+]1,-1.011
[N-]=[N+]=NCC(=O)NC(CO)C(O)c1ccc([N+](=O)[O-])cc1,-1.1692
CC(Cl)OC(=O)C([O-])=NO,-1.1272
[NH3+]C(Cc1cc(Cl)c([O-])c(Cl)c1)C(=O)[O-],-1.7546
CNC(=S)NCO,-0.0798
N[Pt](N)(Cl)Cl,-2.0741
O=c1[nH]c2ccccc2[nH]c1=O,-2.812
O=C1NC(CO)C(=O)NC1CO,-0.5022
CC(O)C(=O)O[Zn]OC(=O)C(C)O,-1.1638
C=CCC(C(=O)[O-])C(C)C(=O)[O-],-1.0599
COC(=O)C1Oc2c(OC)ccc3c2C12CC[NH+](C)C(C3)C2=CC=O,-1.2347
C=CCNC(=S)NNc1ccc([N+](=O)[O-])cc1,-2.9106
Cn1cc(C(=O)[O-])n(C)c1=O,-0.9708
CCCC(=O)OCC(O)COC(=O)CCC,-1.8219
O=C([O-])C1CCC(C(=O)[O-])S1,-0.3338
O=C([O-])C(=O)Nc1ccc(Cl)cc1Cl,-2.2766
NNC(=[NH2+])N[N+](=O)[O-],-1.6458
O=S(=O)([O-])c1ccc(N=Nc2c(O)ccc3ccccc23)c2ccccc12,-1.163
CC1OC(OC2C(O)C(O)C(O)C(O)C2O)C([NH3+])CC1NC(=N)C(=O)[O-],-0.4822
CCSC(=O)NCCC[NH+](C)C,0.6699
Oc1ncncc1Br,-0.4471
O=C(NCCc1c[nH]cn1)c1ccccc1,-0.634
NC1=NC(N)C(=O)C(=O)N1,-1.6978
CCc1cnc(=O)[nH]c1N,-1.0197
CCCC1(CC(C)C)C(=O)NC(=O)NC1=O,-2.2577
Clc1cc(Cl)c2c(c1)Oc1c(Cl)c(Cl)c(Cl)c(Cl)c1O2,-10.99
O=C(CNCP(=O)([O-])O)O[Na],0.7188
COC(C)COCC(C)O,0.8292
CC(C)OC(=O)C(C)(C)O,0.0112
CCC(C(=O)[O-])C(O)c1ccccc1,-1.0188
Clc1cccc2c1Oc1c(Cl)c(Cl)c(Cl)c(Cl)c1O2,-9.4728
Brc1cc(Br)c(Oc2cc(Br)c(Br)c(Br)c2)cc1Br,-8.1979
Oc1ncnc2cccnc12,-2.0656
CC(C)(C)C([NH3+])C(=O)NC(CSSCC(NC(=O)C([NH3+])C(C)(C)C)C(=O)[O-])C(=O)[O-],-0.5136
CCOc1ccccc1C=CC(=O)[O-],-2.5234
CC(C)NOC(=O)CNCP(=O)([O-])O,0.6629
CCOC(=O)c1ccc(N=Nc2ccc(N)cc2N)cc1,-3.3746
CCCCCOC(=O)C(C)(C)O,-1.2411
O=C(CC(O)C(O)CO)NNc1ccccc1,-0.0797
CCO[P+](=O)[O-],-0.5038
CC=CC(=O)Oc1c([N+](=O)[O-])cc(CCCCCC(C)C)cc1[N+](=O)[O-],-4.9595
CC(C)=CC1C(OC(=O)C(C#N)c2cccc(Oc3ccccc3)c2)C1(C)C,-7.5746
COC(=O)C(C)=CC(=O)[O-],-0.7522
CC(=O)OCC(O)C(OC(C)=O)C(OC(C)=O)C(C=O)OC(C)=O,-1.3544
O=C([O-])C[NH2+]CP(=O)([O-])[O-].[NH4+],0.8916
c1ncn([Sn](C2CCCCC2)(C2CCCCC2)C2CCCCC2)n1,-6.5605
O=C([S-])CCCCCCCCC(=O)[S-],-3.0689
Clc1cc(Cl)c2c(c1)Oc1cc(Cl)c(Cl)cc1O2,-8.9638
CC(=O)C(=O)Nc1ccccc1,-1.3676
Cc1cc(=O)n(-c2ccccc2)n1Cc1ccccc1,-1.4221
O=CC(=O)Cc1ccccc1,-2.1707
CC(C)(C)c1cccc(OP(=O)(Oc2ccccc2)Oc2ccccc2)c1,-5.0774
CCC1(CC)C(=O)NC(=O)N=C1N,-1.3967
CC(C(=O)[O-])N(C(=O)c1ccc(F)c(Cl)c1)c1ccccc1,-4.2474
CCOP(=S)(OCC)Oc1cc(Cl)c(SC)cc1Cl,-6.0807
CON(C(=O)c1cc(C)oc1C)C1CCCCC1,-5.9231
NC(=O)C(O)C(O)C(=O)[O-],-0.3881
CCCCOCCOCCOC(N)=O,-0.3123
CCOc1ccc(C2(OC(=O)C(C#N)c3cccc(Oc4ccccc4)c3)CC2(Cl)Cl)cc1,-6.7243
CC(C)C1OC(=O)c2ccccc21,-2.2566
Clc1ccc(Oc2cc(Cl)ccc2Cl)cc1,-5.4401
Cn1c(=O)[c-]([NH3+])c(=S)n(C)c1=O,-1.117
CCOC(=O)C=C(C)C(=O)[O-],-0.9181
COC(=O)c1ccc(N=Nc2ccc(N)cc2N)cc1,-3.2014
CN1Cc2ccccc2S1(=O)=O,-1.4117
CC1(C)CNC(=NN=C(C=Cc2ccc(C(F)(F)F)cc2)C=Cc2ccc(C(F)(F)F)cc2)NC1,-7.916
CC(=O)OCCN(CCC#N)c1ccc(N=Nc2nc3ccc([N+](=O)[O-])cc3s2)cc1,-5.8031
CCOS(=O)(=O)c1cccc2c1C(C)(C)CO2,-2.9921
CC(Oc1ccc(Oc2ncc(C(F)(F)F)cc2Cl)cc1)C(=O)[O-],-3.9209
Cn1c(=O)[nH]c(=O)c2[nH]c(=S)[nH]c21,-1.8992
CS(=O)(=O)[N-]C(=O)c1cc(Oc2ccc(C(F)(F)F)cc2Cl)ccc1[N+](=O)[O-],-3.9433
CCOC(=O)C1(C)OC(=O)N(c2cc(Cl)cc(Cl)c2)C1=O,-4.0162
C=CCC(C[NH2+]C)(C(=O)[O-])C(=O)[O-],-0.7499
Clc1ccccc1-c1nnc(-c2ccccc2Cl)nn1,-5.4817
CCN1CC(=O)[NH+]=C1N,-0.165
CC1(C)CC(C(=O)[O-])C(C)(C)[NH2+]1,0.4654
COC(=O)C=C(C)C(=O)[O-],-0.077
CP(=O)([O-])CCC([NH3+])C(=O)[O-].[NH4+],0.8397
COC(=O)C=CC(C)=CC(=O)[O-],-0.8749
NN=c1ncnc2[nH]ccnc1-2,-1.8632
CC(C)=NNC(=O)Nc1ccccc1,-2.3273
CCC1(c2ccccc2)C(=O)NC(=O)N(C(O)CCO)C1=O,-1.7872
CCOCOc1ccc(C(=O)Nc2cccc(Cl)c2Cl)cc1,-5.568
CCc1nc2cnc(=O)nc-2[nH]c1CC,-2.2644
CC(Br)(C(=O)[O-])C(Br)C(=O)[O-],-1.4411
CCOC(=O)CCC1CCC(CCC(=O)OCC)O1,-2.657
COC(=O)CC1CCC(CC(=O)OC)[NH+]1C,-0.1728
CC(=O)c1nc2c(=O)n(C)c(=O)n(C)c2nc1C,-2.0727
CCOC(=O)c1nc(Br)[nH]c1C,-1.8069
CNC1=C(c2ccccc2C(F)(F)F)C(=O)C(c2ccccc2)O1,-3.9788
CCOc1nc(NC)nc(NC(=O)[N-]S(=O)(=O)c2ccccc2C(=O)OC)n1,-5.3828
O=C(Nc1cnccn1)c1ncccn1,-0.3036
CC1=CCN2[N-]C(S(=O)(=O)Nc3c(F)cccc3F)=NC2=N1,-3.8248
CS(=O)(=O)c1ccc(C(=O)[C-]2C(=O)CCCC2=O)c(Cl)c1,-3.2994
COC(=O)C1=C(Cl)NN(C)C1S(=O)(=O)[N-]C(=O)Nc1nc(OC)cc(OC)n1,-4.4642
CN(C)C(=O)c1ccccc1OC1OCC(O)C(O)C1O,-0.8711
CCCC(NOCC)=C1C(=O)CC(C2CCCSC2)CC1=O,-3.9105
CCOC(=O)N1CCN(CCN2CCN(C(=O)OCC)CC2)CC1,-1.2558
CCCCCCOC1=CC(=O)C2(Oc3c(Cl)c(OC)cc(OC)c3C2=O)C(C)C1,-5.699
CCCC(=O)OCOc1ccccc1C(N)=O,-1.9773
CC(C)(C)C(=O)OCOc1ccccc1C(N)=O,-2.6148
NC1=[NH+]C(C(=O)[O-])CCS1,-0.7275
O=C1CC(C(=O)[O-])CC(=O)C1=C([O-])C1CC1,-2.2367
CCN(CC)C(=O)Cn1cnc2c1c(=O)n(C)c(=O)n2C,-0.9233
Fc1ccc(C2(Cn3cncn3)OC2c2ccccc2Cl)cc1,-4.6967
CCCc1nc(N)c(CC)c(CCC)n1,-2.5132
CC(C)=C1OC(=O)N(c2cc(OC3CCCC3)c(Cl)cc2F)C1=O,-6.2143
CON(C)C(=O)Nc1ccc(Oc2ccc3c(c2)OC(C)(OC)CC3(C)C)cc1,-6.0005
O=S(=O)([O-])c1cccc2cccc(N=Nc3c(O)ccc4ccccc34)c12,-2.2557
NC(=O)N=CC(O)C(O)C(O)C(O)CO,0.1973
COc1cc(OC)nc(NC(=O)[N-]S(=O)(=O)C2C(Cl)=NC3=CC=CCN32)n1,-4.7886
O=C(OC1CC[NH2+]CC1)c1ccccc1,-1.3123
CC1=NNC(=O)N(N=Cc2cccnc2)C1,-2.8745
O=C([O-])CCCCCCNS(=O)(=O)c1ccccc1,-2.0472
CCOC(=O)c1c(C(=O)[O-])ccc(OC)c1OC,-2.253
COc1cc(OC)c2c(c1Cl)OC1(C2=O)C(OC2OC(COC(C)=O)C(OC(C)=O)C(OC(C)=O)C2OC(C)=O)=CC(=O)CC1C,-4.0
CCC1(C(=O)NC(C)c2ccc(Cl)cc2)C(C)C1(Cl)Cl,-5.2694
COC(=O)c1c(C(=O)[O-])ccc(OC)c1OC,-2.0405
COC(CNC(=O)N(CCCl)N=O)n1c(=O)[nH]cc(F)c1=O,-1.9265
O=NN(CCCl)C(=O)NCC(SCC(=O)[O-])n1cc(F)c(=O)[nH]c1=O,-1.5205
CCC(Nc1ncnc(C)c1Cl)c1ccc(OC(F)F)cc1,-3.997
CCC1(CC2(c3cccc(Cl)c3)CO2)C(=O)c2ccccc2C1=O,-4.3864
CCOC(=O)C(=Cc1ccc2c(c1)OCO2)NC=O,-2.1393
CCOC(=O)C(=Cc1ccc(OC)c(OC)c1)NC=O,-2.4086
CCOC(=O)C(=Cc1ccc(OC)cc1)NC=O,-2.7396
CCOC(=O)C(=Cc1ccc([N+](=O)[O-])cc1)NC=O,-2.4601
CCOC(=O)C(=Cc1cccc([N+](=O)[O-])c1)NC=O,-2.4702
CCOC(=O)C(=Cc1ccc(Cl)cc1)NC=O,-3.0099
CCOC(=O)C(=Cc1cccc(Cl)c1)NC=O,-3.1098
CCS(=O)(=O)C1=NC2=CC=CCN2C1S(=O)(=O)[N-]C(=O)Nc1nc(OC)cc(OC)n1,-4.4191
CON=C(C(=O)OC)c1ccccc1COc1ccccc1C,-5.195
CC1=C(c2ccccc2)C(=O)N(C(C)(C)c2cc(Cl)cc(Cl)c2)CO1,-6.3203
CCCCOCC(C)OC(=O)COc1nc(F)c(Cl)c(N)c1Cl,-4.4669
Clc1cccc(Oc2ccc(Cl)cc2Cl)c1,-5.4414
Clc1ccc(Oc2cccc(Cl)c2Cl)cc1,-5.3099
COC(=O)C1(S(=O)(=O)c2ccccc2)CCCCC1,-2.8498
Clc1cc(Cl)c(Cl)c(Oc2ccccc2)c1,-5.1891
CC#CCOC(C)c1ccc(OC)c(OC)c1,-5.3698
CCOC(=O)C(=Cc1ccccc1Cl)NC=O,-2.9995
CC(C)OC(=O)COc1ccc(C=O)cc1,-2.5797
Nc1c(Cl)c(Cl)c(N)c2c1C(=O)c1ccccc1C2=O,-6.5842
COc1cc(N=Nc2c(Br)cc([N+](=O)[O-])cc2[N+](=O)[O-])c(NC(C)=O)c(N(CCOC(C)=O)CCOC(C)=O)c1,-7.4537
Nc1c(OC2C=CC(N3CCCCCC3=O)=CC2)cc(O)c2c1C(=O)c1ccccc1C2=O,-6.8028
O=C(OC1Cc2c(O)cc(O)cc2OC1c1cc(O)c(O)c(O)c1)c1cc(O)c(O)c(O)c1,0.817372
Nc1ncnc2c1ncn2C1OC(COP(=O)([O-])OP(=O)([O-])OP(=O)([O-])O)C(O)C1O.[Na+].[Na+],0.55992
Cc1ccccc1NC(=[NH2+])Nc1ccccc1C,0.207795
CN(C(=O)Cc1ccccc1)C1CCC2(CCCO2)CC1[NH+]1CCCC1,0.240296
CSCCC(NC(=O)C(CC(C)C)NC(=O)C(Cc1c[nH]cn1)NC(=O)CNC(=O)C(NC(=O)C(C)NC(=O)C(Cc1c[nH]c2ccccc12)NC(=O)C(Cc1c[nH]cn1)NC(=O)C(CC(N)=O)NC(=O)CNC(=O)C(CCCNC(N)=[NH2+])NC(=O)C1CCCN1C(=O)C(Cc1ccc(O)cc1)NC(=O)C(CCSC)NC(=O)C(CCCC[NH3+])NC(=O)C(NC(=O)C(CC(C)C)NC(=O)C(NC(=O)C(NC(=O)CNC(=O)CNC(=O)CNC(=O)C(C)NC(=O)C1CCCN1C(=O)C(CC(C)C)NC(=O)C1CCCN1C(=O)C([NH3+])C(C)C)C(C)O)C(C)C)C(C)O)C(C)C)C(N)=O,0.546659
CCN(CC)C(=O)C1(c2ccccc2)CC1C[NH3+],0.511323
CC(O)(CS(=O)(=O)c1ccc(F)cc1)C(=O)Nc1ccc(C#N)c(C(F)(F)F)c1,0.67587
COc1cc(N)c(Cl)cc1C(=O)NC1C[NH+]2CCC1CC2,0.5125
CCC(C)C(NC(=O)C(CCCNC(N)=[NH2+])NC(=O)C(Cc1c[nH]cn1)NC(=O)C(CO)NC(=O)C1CCCN1C(=O)C(CC(=O)[O-])NC(=O)C(CC(C)C)NC(=O)C(CC(N)=O)NC(=O)C(CCC(N)=O)NC(=O)C(CC(C)C)NC(=O)C(CC(N)=O)NC(=O)C(CCCCN)NC(=O)C(NC(=O)C(NC(=O)C(CO)NC(=O)C(CCSC)NC(=O)C(CCCNC(N)=[NH2+])NC(=O)CNC(=O)C(CO)NC(=O)C1CCCN1C(=O)C(C)NC(=O)C(N)CCCCN)C(C)CC)C(C)C)C(=O)NC(CO)C(=O)NC(CC(=O)[O-])C(=O)NC(CCCNC(N)=[NH2+])C(=O)NC(CC(=O)[O-])C(=O)NC(C(=O)NC(CCSC)C(=O)NCC(=O)NC(Cc1c[nH]c2ccccc12)C(=O)NC(CCSC)C(=O)NC(CC(=O)[O-])C(=O)NC(Cc1ccccc1)C(N)=O)c1ccc(OS(=O)(=O)[O-])cc1,0.042237
CCCCCCCCCCCCCCCCCC(=O)OCCO,0.165718
O=C(NC(c1ccccc1)C1CC1)OCCCc1cnc[nH]1,0.072989
O=C1CC2(CCCC2)CC(=O)N1CCCC[NH+]1CCN(c2nsc3ccccc23)CC1,0.413609
O=C(c1ccc(OCC[NH+]2CCCCC2)cc1)c1c(-c2ccc(O)cc2)sc2cc(O)ccc12,0.507144
COc1cc(CC(C)[NH3+])c(OC)cc1I,0.992897
Nc1ncnc2c1ncn2C1OC(COP(=O)([O-])OP(=O)([O-])OP(=O)([O-])O)C(OC(=O)c2ccc(C(=O)c3ccccc3)cc2)C1O,0.63389
COc1cc2nc(N(C)CCCNC(=O)C3CCCO3)[nH+]c(N)c2cc1OC,0.79722
[NH3+]C(CCCP(=O)([O-])O)C(=O)[O-],0.297594
CC([NH3+])Cc1c[nH+]c[nH]1,0.887399
O=C(CCC[NH+]1CCC(O)(c2cccc(C(F)(F)F)c2)CC1)c1ccc(F)cc1,0.527688
[NH3+]C(Cc1ccc(Cl)cc1)C(=O)[O-],0.340718
COc1cc2nc(N3CCN(C(=O)C4COc5ccccc5O4)CC3)[nH+]c(N)c2cc1OC,0.907963
COc1ccc2[nH]cc(CCO)c2c1,0.361911
Cc1cnc(NC(O)=C2C(=O)c3ccccc3S(=O)(=O)N2C)s1,0.321894
Cc1cccc2c1OP(=O)(OCC1OC(N3CC(C=CBr)C(=O)NC3=O)CC1O)OC2,0.43063
COc1cccc(N2CC[NH2+]CC2)c1,0.802461
CCCC1(C(O)CC=CC2C(O)CC(=O)C2CCCCCCC(=O)OC)CCC1,0.205475
CCC(=C(c1ccc(O)cc1)c1ccc(OCC[NH+](C)C)cc1)c1ccccc1,0.218846
COc1cc([N+](=O)[O-])c(OC)cc1CC(C)[NH3+],0.954386
Nc1[nH+]ccc2c1ncn2C1OC(CO)C(O)C1O,0.99464
CCCN1CCOC2c3cc(O)ccc3SCC21,0.944973
O=C([O-])c1cc(I)cc(I)c1O.[Li+],0.514367
CCCCC(=O)Oc1ccccc1C(=O)[O-],0.806744
Cc1cn(-c2cc(NC(=O)c3ccc(C)c(Nc4nccc(-c5cccnc5)n4)c3)cc(C(F)(F)F)c2)cn1,0.759441
OCCN1CC[NH+](CCC=C2c3ccccc3Sc3ccc(Cl)cc32)CC1,0.979819
CCC[NH+](CCC)C1CCc2cc(O)c(O)cc2C1,0.487311
C[NH+](C)CCc1c[nH]c2ccccc12,0.181048
Brc1c(NC2=[NH+]CCN2)ccc2nccnc12,0.563173
CCCCC(C)(O)CC=CC1C(O)CC(=O)C1CCCCCCC(=O)OC,0.624832
CC(C)CC(NC(=O)C(Cc1ccccc1)NC(=O)CNC(=O)CNC(=O)C([NH3+])Cc1ccc(O)cc1)C(=O)[O-],0.890914
CSCCC(NC(=O)C(Cc1ccccc1)NC(=O)CNC(=O)CNC(=O)C([NH3+])Cc1ccc(O)cc1)C(=O)[O-],0.029008
CCc1[nH+]c(N)nc(N)c1-c1ccc(Cl)cc1,0.375119
C[NH2+]CCC(Oc1ccccc1OC)c1ccccc1,0.352951
C=CC[NH+]1CCC23c4c5ccc(O)c4OC2C(O)C=CC3C1C5,0.378402
CN(C)S(=O)(=O)c1ccc2c(c1)C(=CCCN1CC[NH+](C)CC1)c1ccccc1S2,0.346256
C1COC(NC(C2CC2)C2CC2)=[NH+]1,0.373967
C[NH2+]C1CCC(c2ccccc2)c2ccccc21,0.807242
CC(C)(C)[NH2+]CC(O)CSc1nc(-c2ccc(C(N)=O)s2)cs1,0.282464
[NH3+]CCc1c[nH]c2cc(O)c(O)cc12,0.316901
C[NH+](C)CCc1c[nH]c2ccc(O)cc12,0.051486
CSc1nc(N)c2ncn(C3OC(COP(=O)([O-])OP(=O)([O-])OP(=O)([O-])O)C(O)C3O)c2n1,0.644368
OCC1OC(n2cnc3c(NC4CCCC4)ncnc32)C(O)C1O,0.442578
COCCOCCl,0.614354
Cc1ccccc1N1CC[NH2+]CC1,0.004108
CC([NH3+])C(=O)NCC(=O)NC1CSSCC(C(=O)[O-])NC(=O)C(CO)NC(=O)C(C(C)O)NC(=O)C(Cc2ccccc2)NC(=O)C(C(C)O)NC(=O)C(CCCC[NH3+])NC(=O)C(Cc2c[nH]c3ccccc23)NC(=O)C(Cc2ccccc2)NC(=O)C(Cc2ccccc2)NC(=O)C(CC(N)=O)NC(=O)C(CCCC[NH3+])NC1=O,0.075979
CCC(C)C(NC(=O)C(CO)NC(=O)C(CC(N)=O)NC(=O)C(CC(C)C)NC(=O)C(Cc1ccc(O)cc1)NC(=O)C(CCCC[NH3+])NC(=O)C(CCCC[NH3+])NC(=O)C(NC(=O)C(C)NC(=O)C(CCSC)NC(=O)C(CCC(N)=O)NC(=O)C(CCCC[NH3+])NC(=O)C(CCCNC(N)=[NH2+])NC(=O)C(CC(C)C)NC(=O)C(CCCNC(N)=[NH2+])NC(=O)C(NC(=O)C(Cc1ccc(O)cc1)NC(=O)C(CC(N)=O)NC(=O)C(CC(=O)[O-])NC(=O)C(NC(=O)C(Cc1ccccc1)NC(=O)C(NC(=O)C(C)NC(=O)C(CC(=O)[O-])NC(=O)C(CO)NC(=O)C(N)Cc1c[nH]cn1)C(C)C)C(C)O)C(C)O)C(C)C)C(=O)NC(CC(C)C)C(=O)NC(CC(N)=O)C(=O)[O-],0.354316
NC(=O)C(=Cc1ccc([N+](=O)[O-])o1)c1ccco1,0.990633
Cc1cn(C2CC(O)C(COP(=O)([O-])[O-])O2)c(=O)[nH]c1=O,0.11045
Cn1c(-c2cscn2)nc2ccccc21,0.732876
CC[NH2+]C(C)Cc1cccc(C(F)(F)F)c1,0.699829
COc1cc(CC(C)[NH3+])c(OC)cc1Br,0.735629
CSCCC(NC(=O)C(CC(C)C)NC(=O)C(Cc1cnc[nH]1)NC(=O)CNC(=O)C(NC(=O)C(C)NC(=O)C(Cc1c[nH]c2ccccc12)NC(=O)C(CCC(N)=O)NC(=O)C(NC(=O)CNC(=O)C(CC(C)C)NC(=O)C(CCC[NH+]=C(N)N)NC(=O)CNC(=O)C1CCC(=O)N1)C(C)O)C(C)C)C(N)=O,0.841099
COc1ccc(OC)c(CC(C)[NH3+])c1,0.832165
CSCCC(NC(=O)CNC(=O)C(Cc1c[nH]c2ccccc12)NC(=O)C(CCSC)NC(=O)C(CC(=O)[O-])NC(=O)C(Cc1ccccc1)N[NH3+])C(=O)NC(Cc1ccc(O)cc1)C(=O)C(=O)C([NH3+])CC(=O)[O-],0.562353
COC1CC=C2CC[NH+]3CCC4=C(CC(=O)OC4)C23C1,0.136367
CC(C)(C)c1cc(C=CC(=O)[O-])cc(C(C)(C)C)c1O,0.386102
CCc1cc(OC)c(CC(C)[NH3+])cc1OC,0.866815
CC(C)C(CO)Nc1nc(Nc2cccc(Cl)c2)c2ncn(C(C)C)c2n1,0.967278
COc1ccc(OC)c(C(O)C(C)[NH2+]C(C)(C)C)c1,0.828498
COC(=O)Nc1ccc(Cl)c(Cl)c1,0.781594
Nc1[nH]c(=O)nc2c1ncn2C1OC(CO)C(O)C1O,0.491691
CCN(CC)C(=O)NC1C=C2c3cccc4[nH]cc(c34)CC2N(C)C1,0.232176
COc1cc(CC[NH3+])ccc1O,0.68608
C[NH+]1C2CCC1C(C(=O)Oc1ccccc1)C(c1ccc(I)cc1)C2,0.361349
CC(C=CC1(O)C(C)=CC(=O)CC1(C)C)=CC(=O)[O-],0.230843
COC12CCC3(CC1C(C)(C)O)C1Cc4ccc(O)c5c4C3(CC[NH+]1CC1CC1)C2O5,0.104701
C=C(C)C1CCC(C)=CC1c1c(O)cc(CCCCC)cc1O,0.78275
Nc1nc(=O)c2c(CCc3ccc(C(=O)NC(CCC(=O)[O-])C(=O)[O-])cc3)c[nH]c2[nH]1,0.211374
Nc1[nH]c(CCNC(=O)C(Cc2cc(Br)c(OCCC[NH3+])c(Br)c2)=NO)c[nH+]1,0.796062
CC(C)OC(=O)CCCC=CCC1C(O)CC(O)C1CCC(O)CCc1ccccc1,0.984508
CCC(C)C(NC(=O)C(Cc1ccc(O)cc1)NC(=O)C([NH3+])C(C)C)C(=O)NC(Cc1cnc[nH]1)C(=O)N1CCCC1C(=O)NC(Cc1ccccc1)C(=O)[O-],0.846958
C[N+]1(C)CCN(C[Si](O)(c2ccccc2)C2CCCCC2)CC1,0.023903
Nc1ncnc2c1ncn2C1OC(COP(=O)([O-])OP(=O)([O-])O)C(O)C1O,0.325019
Cc1nc(=O)c2cc(CN(C)c3ccc(C(=O)NC(CCC(=O)[O-])C(=O)[O-])s3)ccc2[nH]1,0.842652
CC(C)CC(NC(=O)C(CC(C)C)NC(=O)C(Cc1ccc(O)cc1)NC(=O)CNC(=O)C(C)NC(=O)C(CO)NC(=O)C(CC(N)=O)NC(=O)C(CC(C)C)NC(=O)C(NC(=O)C(Cc1c[nH]c2ccccc12)NC(=O)C[NH3+])C(C)O)C(=O)NCC(=O)N1CCCC1C(=O)NC(Cc1cnc[nH]1)C(=O)NC(C)C(=O)[O-],0.793113
COc1cc(CC(C)[NH3+])cc(OC)c1OC,0.210674
Cc1ccc(N2CC[NH2+]CC2)c(C)c1,0.17708
O=C([O-])C1CN(CCCP(=O)([O-])O)CC[NH2+]1,0.26271
COC1=C(Br)C(O)C2(C=C1Br)CC(C(=O)NCCCOc1c(Br)cc(CC(=NO)C(=O)NCCc3c[nH+]c(N)[nH]3)cc1Br)=NO2,0.017178
Cc1c(C(=O)NN2CCCCC2)nn(-c2ccc(Cl)cc2Cl)c1-c1ccc(Cl)cc1,0.230279
[NH3+]C(CCS(=O)(=O)[O-])C(=O)[O-],0.552451
Cc1cc(C)c2c(n1)N(C1CC1)c1ncccc1C(=O)N2,-4.27
O=C1NC(=O)C(c2ccccc2)(c2ccccc2)C(=O)N1,-4.198
CC[c-]1c(=O)[nH]c(=O)[nH]c1=O,-1.427
Nc1nc(=O)c2ncn(COCCO)c2[nH]1,-2.145
CN=C(NC#N)NCCSCc1nc[nH]c1C,-1.461
Clc1cccc(Cl)c1NC1=[NH+]CCN1,-0.1
C[NH+]1CCN(C2=c3ccccc3=[NH+]c3ccc(Cl)cc3N2)CC1,-4.64
CC1=NS(=O)(=O)c2cc(Cl)ccc2N1,-3.6
CC(C)n1c(=O)[cH-]c(=O)[n-]c1=O,-1.456
C[NH+]1CCN(CCCN2c3ccccc3Sc3ccccc32)CC1,-4.75
CC12CCC3C(CCC4CC(=O)CCC43C)C1CCC2=O,-3.76
Cc1ccc(Nc2ccc(Nc3ccc(C)cc3)c3c2C(=O)c2ccccc2C3=O)cc1,-5.19
O=C(NCCO)C(Cc1ccccc1)[NH2+]C1(C(=O)NCCN2CCOCC2)CCCCC1,-3.1
CCCC(CC)c1cccc(C(=O)[O-])c1C(=O)[O-],-2.35
CCCCCCCCC=CCCCCCCCC[NH3+],-1.08
Clc1ccc2c(c1Cl)Oc1c(Cl)c(Cl)c(Cl)c(Cl)c1O2,-9.95
CC(C)CCC(=O)[O-],-1.21
CSc1[n-]cnc2ncnc1-2,-2.335
CN1CC(=O)[NH+]=C1N,-0.15
O=CC(O)C(O)C(OC1OC(CO)C(O)C(O)C1O)C(O)CO,-0.244
Nc1ncnc2c1ncn2C1OC(CO)C(OP(=O)([O-])[O-])C1O,-2.842
Oc1ccc(CCc2ccccc2)c(O)c1,-2.718
C=C(CC(=O)[O-])C(=O)[O-],-0.229
CC(C)(C)c1ccc(C(=O)[O-])cc1,-3.804
O=C(NCO)NCO,-3.478
Nc1c2ncn(C3OC(CO)C(O)C3O)c2nc[n+]1[O-],-4.611
S=c1[n-]c2ccccc2s1,-3.144
c1ncc2cn[nH]c2n1,-1.381
O=C([O-])C(O)Cc1ccc(O)cc1,-1.15
CCC1C[NH+]2CCc3cc(OC)c(OC)cc3C2CC1CC1[NH2+]CCc2cc(OC)c(OC)cc21,-2.689
COc1ccc(C2OCC3C(c4ccc(OC5OC(CO)C(O)C(O)C5O)c(OC)c4)OCC23)cc1OC,-3.126
O=C1NC2NC(=O)NC2N1,-2.092
COc1cc(CO)ccc1O,-1.887
O=C([O-])c1cc(O)cc(C(=O)[O-])[nH+]1,-2.087
CC1OC(Oc2c(-c3ccc(O)c(O)c3)oc3cc([O-])cc(O)c3c2=O)C(O)C(O)C1O,-3.845
O=C([O-])C(=O)c1ccccc1C(=O)[O-],0.521
O=c1cccccc1[O-],-0.475
CCCC(C)OC(N)=O,-1.226
O=S(=O)([O-])c1ccc(N=Nc2c(O)ccc3ccccc23)cc1,-0.276
O=[N+]([O-])c1cccc2cccc([N+](=O)[O-])c12,-3.807
Cn1c(=O)[nH]c(=O)c2[nH]c(=O)[nH]c21,-3.528
CCOc1ccc(N2C(=O)CCC2=O)cc1,-2.461
COC(=O)C=C(C)C(=O)OC,-2.285
O=C([O-])C=Cc1ccccc1OC1OC(CO)C(O)C(O)C1O,-1.514
O=C1C=CC(=NO)C=C1,-1.546
O=[N+]([O-])[N-]c1ccccc1,-2.0
O=c1[nH]cnc2nccnc12,-1.46
Cn1cnc2c(=O)[nH]cnc21,-1.796
Cc1nc2cncnc2[nH]1,-0.382
Cc1ccc(C=CC(=O)[O-])cc1,-6.478
Cn1c(=O)c2[nH]c(=O)[nH]c2n(C)c1=O,-2.577
O=Cc1cc(Br)ccc1O,-3.303
C1CCN(CC[NH+]2CCCCC2)CC1,-0.594
CC12CCC(C(=O)NC1=O)C2(C)C,-1.434
NC(=O)NC(O)C(Cl)(Cl)Cl,-0.715
Cc1ncnc2[nH]cnc12,0.173
O=S(=O)([O-])c1ccc(N=Nc2ccc(O)cc2O)cc1,-2.168
CCC(C(=O)[O-])C(C)(C)C(=O)[O-],-0.673
Nc1nc2nccnc2c(=O)[nH]1,-2.956
CCCCCCCCCCCCOc1ccc(C(=O)[O-])cc1,-2.445
CCOC(=O)C(Cc1c[nH]c2ccccc12)NC(C)=O,-2.271
CCCCCCCCCCCCOC(=O)c1ccccc1C(=O)OCCCCCCCCCCCC,-6.555
O=C([O-])c1cc([N+](=O)[O-])ccc1Cl,-1.748
CC1(C)OCCO1,0.513
Cc1nc(C)c(Cl)c(O)c1Cl,-4.283
Cc1cc(N(CCO)CCO)ccc1N=Nc1ccc([N+](=O)[O-])cc1,-5.658
CCN(CCO)c1ccc(N=Nc2ccc([N+](=O)[O-])cc2Cl)cc1,-7.463
CC(C1C(=O)CC(C)(C)CC1=O)C1C(=O)CC(C)(C)CC1=O,-3.589
CNC(=[NH2+])NC,-1.731
CC12CCC(CC1=O)C2(C)CO,-0.279
COP(=S)(OC)Oc1ccc(S(C)=O)c(C)c1,-4.898
[NH3+]CC(=O)NCC(=O)NCC(=O)NCC(=O)NCC(=O)NCC(=O)[O-],-2.858
O=C1CN(N=CC=Cc2ccc([N+](=O)[O-])o2)C(=S)N1,-3.956
CCC(=O)CC(=O)C(=O)[O-],-0.395
[NH3+]C(CC1CCC(O)CC1)C(=O)[O-],-0.353
O=C1c2ccccc2C(=O)c2c(NCCO)ccc(NCCO)c21,-5.77
O=C(CO)C(O)C(OC1OC(CO)C(O)C(O)C1O)C(O)CO,0.349
CCOc1c([N+](=O)[O-])cc([N+](=O)[O-])cc1[N+](=O)[O-],-3.41
CC(C)c1nc(N)nc(N)n1,-1.432
CC(O)CN(N=Cc1ccc([N+](=O)[O-])o1)C(N)=O,-2.63
Nc1cccc(P(=O)([O-])[O-])c1,-1.605
CCCCCCCCCNC(=O)C(O)C(O)C(O)C(O)CO,-3.507
Cn1cnc2c1c(=O)n(CC=O)c(=O)n2C,-1.417
O=C(NC(C(=O)[O-])c1ccccc1)c1ccco1,-2.243
ONc1[n-]cnc2ncnc1-2,-2.4
O=[N+]([O-])N1CCN([N+](=O)[O-])C1,-2.21
CCCOC(=O)CCC(=O)N(CC)CC,-0.617
Cc1cc(N)[nH]c(=O)n1,-1.47
Oc1ccc(N=Nc2ccc(N=Nc3ccccc3)cc2)cc1,-9.699
Cc1ccc(CC(=O)[O-])c(C)c1,-2.389
CC1(C)OC2OC(C(COC(=O)c3ccccc3)OC(=O)c3ccccc3)C(OC(=O)c3ccccc3)C2O1,-4.629
NC(=[NH2+])NC(=[NH2+])Nc1ccc(S(=O)(=O)[O-])cc1,-2.012
OCc1nc2cncnc2[nH]1,-1.518
CC(C)COC(=O)c1c(C(=O)[O-])cccc1[N+](=O)[O-],-3.047
O=C1c2ccccc2C(=O)[C-]1c1nc2ccccc2cc1O,-8.0
CC1=C(C(=O)[O-])CCCC1,-2.283
O=c1nc2[nH]c(=O)[nH]cc-2[nH]1,-3.597
Cc1cc(O)ccc1Br,-2.041
O=C1c2cc(S(=O)(=O)[O-])ccc2C(=O)c2c1cccc2S(=O)(=O)[O-],0.434
CCOC(=O)C(Cc1ccccc1C(=O)[O-])C(=O)OCC,-2.816
Nc1[nH]c(=O)ncc1CC(=O)[O-],-1.701
COc1cc(C=NNC(N)=O)ccc1O,-3.542
CCOc1cc(C=NNC(N)=O)ccc1O,-2.805
O=c1cc[nH]c2cccnc12,-2.244
CC(=O)NC(=O)CCl,-1.509
Cc1oc2ccccc2c(=O)c1C,-2.065
Nc1nc2cncnc2[nH]1,-2.415
CCCCCOC(=O)C(C)OC(C)=O,-0.819
Nc1nc(=O)[n-]c2nccnc12,-3.359
Nc1ccc(S(=O)(=O)NC2=CC(=O)c3ccccc3C2=O)cc1,-3.863
NS(=O)(=O)c1cc(S(N)(=O)=O)cc(S(N)(=O)=O)c1,-2.323
O=c1[nH]c(=O)c2nc[nH]c(=O)c2[nH]1,-3.911
CN(C)c1nc2cncnc2[nH]1,-1.389
Clc1cc(Cl)cc(Oc2ccccc2)c1,-5.061
CCOC(=O)C(=Cc1ccccc1)NC=O,-2.891
CC([NH3+])(C(=O)[O-])C(=O)[O-],0.876
Cc1nc2c(=O)n(C)c(=O)n(C)c2n1C,-2.142
O=[N+]([O-])OCC(O)CO,0.478
Cc1csc(=O)[nH]1,-0.66
CCCCCCCCCCCCCCCCCCOC(=O)c1cccnc1,-3.429
O=[N+]([O-])c1ccccc1CNc1ccccc1,-0.702
COP(=O)(OC)OC1=C(Cl)C2CC=CC12,-2.057
CCC(O)(CC)C(O)CC(C)C,-1.598
N=C1C=CC(=Nc2ccccc2)C=C1,-1.738
CN(C)c1ncc2nc[nH]c2n1,-2.665
CC(C)CC([NH3+])C(=O)NC(CSSCC(NC(=O)C([NH3+])CC(C)C)C(=O)[O-])C(=O)[O-],-0.48
COc1cc([N+](=O)[O-])ccc1N=Nc1ccc(N(CCO)CCO)cc1,-4.699
CC([NH2+]CCC#N)C(=O)[O-],-0.007
CC(C)COC(=O)C(C)Oc1ccc(Oc2ccc(Cl)cc2)cc1,-3.287
CCCCC1(CC(C)C)C(=O)NC(=O)NC1=O,-2.506
CC(=O)OCC(OC(C)=O)C1OC(OC(C)=O)C(OC(C)=O)C1OC(C)=O,-2.662
O=c1oc2ccccc2c([O-])c1C1CC(c2ccc(-c3ccc(Br)cc3)cc2)Cc2ccccc21,-8.139
NC(=O)CC(O)C(=O)[O-],-0.249
CC(=C(CC(=O)[O-])C(=O)[O-])c1ccccc1,-3.017
O=[N+]([O-])c1ccc(N=Nc2ccc(N(CCO)CCO)cc2)c([N+](=O)[O-])c1,-5.222
O=[N+]([O-])[N-]c1ccc(Cl)cc1Cl,-3.0
CCn1c([O-])c(N=Nc2ccc(Cl)cc2[N+](=O)[O-])c(C)c(C#N)c1=O,-6.69
C#CCON=C1CC2CCC1(C)C2(C)C,-2.312
O=C(NOC(=O)c1ccco1)c1ccco1,-1.972
CCOC(=O)C(N)Cc1cc(I)c(Oc2cc(I)c(O)c(I)c2)c(I)c1,-4.605
CC(O)(C[NH3+])C(=O)[O-],-1.336
COC(=O)c1ccc(C)cc1C1=NC(=O)C(C)(C(C)C)N1,-2.46
O=S(=O)([O-])c1cscn1,0.36
CCON=C(CC)C1=C([O-])CC(c2c(C)cc(C)cc2C)CC1=O,-4.819
NS(=O)(=O)c1ccc(O)nc1,-1.843
COC(=O)C(O)C(O)C(=O)[O-],0.183
O=c1oc2ccccc2c([O-])c1C1CC(c2ccc(OCc3ccc(C(F)(F)F)cc3)cc2)Cc2ccccc21,-5.678
CC(C)CCC(C)C(=O)[O-],-1.983
Cc1cnc2c(C(=O)[O-])c(Cl)ccc2c1,-2.997
CCC(CC)(C(=O)NC)C(=O)NC,0.031
CC(C)c1cc([O-])c(=O)ccc1Br,-3.67
CC(C)(C)C(NC=O)C(=O)[O-],-1.901
NC(=O)C(=O)NN=CC=Cc1ccc([N+](=O)[O-])o1,-4.8
CC(=O)n1ncc2c(=O)[nH]cnc21,-2.376
CNC1=C(c2cccc(C(F)(F)F)c2)C(=O)C(c2ccccc2)O1,-3.979
CC(C)(C)C(=O)OCn1ncc2c(=O)[nH]cnc21,-2.682
Cn1c(=O)c2nc(C(=O)[O-])c(=O)[n-]c2n(C)c1=O,-2.323
CCCC(=NOCC)C1=C([O-])CC(C2CCCSC2)CC1=O,-3.91
CCC(CCC(C)C)C(N)=O,-2.352
COc1ccc(C=NNC(N)=S)cc1OC1OC(CO)C(O)C(O)C1O,-2.889
COc1cc(C=NNC(N)=S)ccc1OC1OC(CO)C(O)C(O)C1O,-2.865
O=C([O-])CCCCC(C(=O)[O-])(c1ccccc1)c1ccccc1,-3.43
O=C([O-])c1ccccc1-c1nn(-c2ccccc2)nc1C(=O)[O-],-2.189
C1CN1c1nc(N2CC2)[nH+]c(N2CC2)n1,0.292
[NH2+]=C(NCCCCCCNC(=[NH2+])NC(=[NH2+])Nc1ccc(Cl)cc1)NC(=[NH2+])Nc1ccc(Cl)cc1,-2.801
C[NH+]1CCc2cccc3c2C1Cc1ccc(O)c(O)c1-3,-1.207
c1ccc2c(c1)Oc1ccccc1[As]2O[As]1c2ccccc2Oc2ccccc21,-5.002
Nc1nc2[n-]cc(CNc3ccc(C(=O)NC(CCC(=O)[O-])C(=O)[O-])cc3)nc-2c(=O)n1,-5.441
O=C(CCc1ccc(O)cc1)c1c(O)cc(O)cc1O,-3.348
O=C1OCCN1N=Cc1ccc([N+](=O)[O-])o1,-3.75
Cc1cc(O)c(C(C)C)cc1C1(c2cc(C(C)C)c(O)cc2C)OS(=O)(=O)c2ccccc21,-3.628
CCCCC(CC)COP(=O)(OCC(CC)CCCC)OCC(CC)CCCC,-5.86
NC(=S)C(N)=S,-2.513
O=C(C(Br)Br)C(Br)(Br)Br,-6.656
Nc1ccc(C=Cc2ccc(N)cc2S(=O)(=O)[O-])c(S(=O)(=O)[O-])c1,-2.756
CC(CCC(=O)[O-])C1CCC2C3C(=O)CC4CC(=O)CCC4(C)C3CC(=O)C12C,-3.35
O=C1c2ccc(O)c(O)c2C(=O)c2c(O)ccc(O)c21,-5.023
Nc1cccc2c1C(=O)c1ccccc1C2=O,-5.872
Cc1cc(-c2cc(C)c(N)cc2S(=O)(=O)[O-])c(S(=O)(=O)[O-])cc1N,-2.217
CCC(=O)Nc1c(I)c(NC(=O)CC)c(I)c(C(=O)[O-])c1I,-2.808
Nc1ccc2cc(S(=O)(=O)[O-])cc(S(=O)(=O)[O-])c2c1,-0.518
O=c1cc([O-])c2ccccc2[nH]1,-3.792
O=c1[nH]c(=O)c2ccccc2[nH]1,-3.099
Clc1[n-]cnc2ncnc1-2,-1.49
Cc1ccc(S(=O)(=O)[O-])c(N)c1,-2.126
O=C([O-])c1cc(C(=O)[O-])c(C(=O)[O-])cc1C(=O)[O-],-1.259
O=[N+]([O-])c1ccc(Cl)c([N+](=O)[O-])c1,-4.403
ClC(Cl)c1ccccc1,-2.809
CCOc1ccc(NC(C)=[NH+]c2ccc(OCC)cc2)cc1,-1.128
NC(=O)NC(N)=O,-0.831
NC(=O)CCC(N)=O,-1.546
NC(=O)NNC(N)=O,-2.696
Nc1ccc2c(S(=O)(=O)[O-])cc(S(=O)(=O)[O-])cc2c1,-0.122
[O-]c1c(Br)cc(Br)cc1Br,-3.674
CCCCCCCCCCCCCCCCCC(=O)OCCCC,-2.302
Cc1c(I)c(=O)n(-c2ccccc2)n1C,-2.594
O=[N+]([O-])c1cc([N+](=O)[O-])c([N-]c2c([N+](=O)[O-])cc([N+](=O)[O-])cc2[N+](=O)[O-])c([N+](=O)[O-])c1,-3.865
CCCCCCC(O)CC=CCCCCCCCC(=O)[O-],-1.936
O=C(NN=Cc1ccc([N+](=O)[O-])o1)c1ccncc1,-3.734
CC(=O)C(C)=O,0.366
CC(=N[O-])C(F)(F)F,-0.229
CNc1ncnc2[nH]cnc12,-2.102
Nc1ncc2nc[nH]c2n1,-1.21
N=c1oc(=N)oc(=N)o1,-3.111
CC1CCC(C)(C(=O)[O-])C1(C)C,-3.027
CC1(C(=O)[O-])CCC(C(=O)[O-])C(C)(C)O1,-1.189
CC(CCC(=O)[O-])C1CCC2C3C(=O)CC(C(=O)[O-])C(C)(CCC(=O)[O-])C3CC(=O)C12C,-2.809
COc1cc2c(c(OC)c1OC)-c1ccc([O-])c(=O)cc1C(NC(C)=O)CC2,-1.808
CC1=CC(=O)c2c(O)cccc2C1=O,-2.797
O=C([O-])c1cc2c(cc1C(=O)[O-])OCO2,-1.544
Cc1c([O-])cc([N+](=O)[O-])cc1[N+](=O)[O-],-4.183
CC1=CCC(C(C)(C)O)CC1O,-0.726
CC(C)c1cccc(=O)c([O-])c1,-2.136
O=C([O-])CCCCCCCCCCCC(=O)[O-],-2.212
O=[N+]([O-])NCCN[N+](=O)[O-],-1.815
CC1OC(OC2CCC3(C=O)C4CCC5(C)C(C6=CC(=O)OC6)CCC5(O)C4CCC3(O)C2)C(O)C(O)C1O,-3.042
CCC(CC)(C(=O)[O-])C(=O)[O-],0.608
CC12CCC3C(CCC4(OC5OC(CO)C(O)C(O)C5O)C=CCCC34C=O)C1(O)CCC2c1ccc(=O)oc1,-2.226
CC1(C)C2CC3C(C2)C31C(=O)[O-],-2.942
CC(=O)C1C(=O)C=C(C)OC1=O,-2.387
OCC(O)C(O)C(O)C(O)C(O)CO,-0.517
CCCCCCCCCCCCCCCC(=O)OCC(NC(=O)C(Cl)Cl)C(O)c1ccc([N+](=O)[O-])cc1,-2.728
O=Ic1ccccc1,-2.432
Cc1nn(-c2ccc([N+](=O)[O-])cc2)c(=O)[c-]1[N+](=O)[O-],-1.468
C=CC1=C(C)c2cc3[nH]c(cc4nc(cc5[nH]c(cc1n2)c(C)c5CCC(=O)[O-])C(CCC(=O)[O-])=C4C)c(C)c3C=C,-3.522
CC1(O)C(O)C(O)C(O)C(O)C1O,-1.655
Nc1cc(S(=O)(=O)[O-])c2ccccc2c1O,-2.744
CCOc1nc2c(c(=O)n(C)c(=O)n2C)n1C,-1.9
CC1(C)OCC(C2OC3OC(C)(C)OC3C2O)O1,-0.785
O=C([O-])c1ccc(Br)o1,-1.939
CC(=O)NC(N)=S,-0.965
CC=NNC(N)=O,-0.542
O=C([O-])C(c1ccccc1)(c1ccccc1)c1ccccc1,-3.761
NC(=O)CC(O)(CC(N)=O)C(N)=O,-0.845
CCC(=O)C(C)=O,-0.176
O=C([O-])C(Br)C(Br)C(=O)[O-],-1.131
[O-]c1c(Cl)cc(O)c(Cl)c1Cl,-1.533
Nc1c(C(=O)[O-])cc([N+](=O)[O-])cc1[N+](=O)[O-],-3.101
Oc1ccnc2ccccc12,-1.481
CCOc1ccccc1C=O,-2.112
Oc1ccc(O)c(Cl)c1,0.805
Nc1ccc([N+](=O)[O-])cc1C(=O)[O-],-2.26
O=C([O-])CNC(=O)c1cccc([N+](=O)[O-])c1,-1.782
Cc1ccc(S(=O)(=O)[O-])cc1N,-1.032
O=C([O-])C1CCC(C(=O)[O-])CC1,-2.333
CCNC(=O)OCC,0.555
CCC(C)(CC(=O)[O-])C(=O)[O-],-0.017
O=C([O-])c1c(Br)cc(Br)cc1Br,-2.011
Nc1c2nc[nH]c2nc[n+]1[O-],-2.262
[NH3+]C(Cc1ccccc1O)C(=O)[O-],-1.957
[NH3+]C(CO)C(O)c1ccc([N+](=O)[O-])cc1,-1.912
NC(=O)NN=CC=Cc1ccc([N+](=O)[O-])o1,-3.144
Nc1ccc(N=Nc2ccc([N+](=O)[O-])cc2)cc1,-5.853
NC(=O)c1cc(=O)[nH]c(=O)[nH]1,-2.492
Nc1cnc2c(N)ncnc2n1,-2.909
C=C1c2cccc(O)c2C(=O)C2=C(O)C3(O)C(=O)C(C(N)=O)=C([O-])C([NH+](C)C)C3C(O)C12,-1.768
CCOC(=O)C1(c2ccccc2)CC[NH+](CCC(C#N)(c2ccccc2)c2ccccc2)CC1,-2.753
O=C(NCC([N+](=O)[O-])([N+](=O)[O-])[N+](=O)[O-])NCC([N+](=O)[O-])([N+](=O)[O-])[N+](=O)[O-],-2.684
NC(C(=O)[O-])C([NH3+])C(=O)[O-],-2.378
NC(=O)NC(CC(=O)[O-])C(=O)[O-],-1.678
O=C([O-])C1c2ccccc2C(C(=O)[O-])c2ccccc21,-2.73
Cc1ccc(S(=O)(=O)NCC(=O)[O-])cc1,-1.443
CNC(=O)CCC(N)=O,-0.813
Nc1[nH]c(=O)ncc1I,-2.397
CCC1(CC(C)C)C(=O)NC(=O)NC1=O,-5.142
O=C([O-])C1c2ccccc2Cc2ccccc21,-2.351
CC1=CCS(=O)(=O)C1,-3.226
CC1COC(C)(C)O1,-0.02
O=c1cc([O-])[nH]cn1,-1.652
c1ccc(CNc2[n-]cnc3ncnc2-3)cc1,-3.575
CNc1ccc(N)c2c1C(=O)c1ccccc1C2=O,-5.638
COc1ccccc1N=Nc1c(O)ccc2ccccc12,-8.926
CC1/C=C\C=C/C=C\C=C/C=C\C=C/C=C\C(OC2OC(C)C(O)C([NH3+])C2O)CC2OC(O)(CC(O)CC(O)C(O)CCC(O)CC(O)CC(=O)OC(C)C(C)C1O)CC(O)C2C(=O)[O-],-3.091
CCC1OC(=O)CC(O)C(C)C(OC2OC(C)C(OC3CC(C)(O)C(O)C(C)O3)C([NH+](C)C)C2O)C(CC=O)CC(C)C(=O)/C=C\C(C)=C/C1COC1OC(C)C(O)C(OC)C1OC,-5.225
O=C1Nc2nc(=O)nc3[nH]c(=O)nc(n23)N1,-1.964
FC(F)Br,0.582
O=P([O-])([O-])c1ccccc1,0.08
Nc1ccc(Br)cc1S(=O)(=O)[O-],-2.627
O=C([O-])C(Br)=CBr,-0.669
CCCCOC(=O)CC(O)C(=O)OCCCC,-2.516
CCCCCCCCCCCC[N+](C)(C)[O-],-0.082
Cc1c(Cc2cc(C(C)(C)C)c(O)c(C(C)(C)C)c2)c(C)c(Cc2cc(C(C)(C)C)c(O)c(C(C)(C)C)c2)c(C)c1Cc1cc(C(C)(C)C)c(O)c(C(C)(C)C)c1,-5.81
CC(NC(N)=[NH2+])C(=O)[O-],-0.199
COCCCNc1nc(Cl)nc(NC(C)C)n1,-3.335
O=C([O-])COc1ccc(C2CCCCC2)cc1,-3.495
C1=[NH+]c2ccccc2CN1,-0.723
Nc1nc2ncnc-2c(N)[n-]1,-1.8
CCCCCc1cc(O)c2c(c1)OC(C)(C)C1CCC(C)=CC21,-2.05
Nc1[nH]c(=O)ncc1F,-0.935
CNc1ccc([N+](=O)[O-])cc1[N+](=O)[O-],-3.994
O=c1[nH]c2ccccc2n1C1CC[NH+](CCCC(c2ccc(F)cc2)c2ccc(F)cc2)CC1,-4.664
CCCCC(CC)(C(=O)[O-])C(=O)O,-0.798
CC(C(=O)[O-])C(C)(C)C(=O)[O-],-0.224
O=C([O-])c1cc(Cl)cc(C(=O)[O-])c1,-2.84
CC1(C)CC(=O)C(CC2C(=O)CC(C)(C)CC2=O)C(=O)C1,-1.591
O=C(OCC1CCCO1)c1ccccc1,-2.323
NNC(=S)NN,-1.286
O=[N+]([O-])c1ccc([N+](=O)[O-])c2c([N+](=O)[O-])cccc12,-3.818
S=P([S-])(Oc1ccccc1)Oc1ccccc1,-0.071
FC(F)(F)c1nc2cncnc2[nH]1,-0.45
O=c1[n-]c(C(F)(F)F)nc2[nH]cnc12,-2.254
O=c1[nH]cc2ncnc-2[nH]1,-1.714
NNC(=O)c1cccs1,-0.755
O=c1ncc2nccnc2[n-]1,-1.948
O=c1cnc2cnc[nH]c-2n1,-2.125
OCCN(CCO)c1ccc(N=Nc2ccccc2)cc1,-3.958
CNc1ccc(NC)c2c1C(=O)c1ccccc1C2=O,-6.857
CN(C)c1ccc(N=Nc2ccc([N+](=O)[O-])cc2)cc1,-8.699
O=C([O-])c1ccccc1C(=O)c1ccc(O)cc1O,-2.696
Cc1no[n+]([O-])c1C,-0.535
COP(=O)(OC)SCCSC,-2.858
O=Cc1cc(I)cc(I)c1O,-4.096
CCc1nc(N)c(C)c(CC)n1,-2.355
OCc1c(CO)c(CO)c(CO)c(CO)c1CO,-2.599
CC(=O)Nc1ccc(C(C)=O)cc1,-1.623
c1cc[n+]2c(c1)-c1cccc[n+]1CC2,-3.42
CC(O)(P(=O)([O-])O)P(=O)([O-])O,0.525
c1ccc2oc(-c3ccc(-c4nc5ccccc5o4)s3)nc2c1,-7.523
Nc1nc(C(F)(F)F)c2nc[nH]c2n1,-3.135
O=C([O-])CCC(C(=O)[O-])(c1ccccc1)c1ccccc1,0.546
CCN(CC)c1ccc(N=Nc2ccc([N+](=O)[O-])cc2)cc1,-10.399
CC(CO[N+](=O)[O-])(CO[N+](=O)[O-])CO[N+](=O)[O-],-2.694
CC1(C)C(=O)NC(=O)N1CN1C(=O)NC(=O)C1(C)C,-1.73
CC1CC(=O)O1,-0.75
O=C1c2c(O)ccc(O)c2C(=O)c2c(NCCO)ccc(NCCO)c21,-3.942
O=C([O-])c1ccon1,0.947
CCC(C)=C(CC(=O)[O-])C(=O)[O-],-2.301
O=C1OCCN1N=CC=Cc1ccc([N+](=O)[O-])o1,-4.418
Nc1nc(=O)[n-]c2nc[nH]c12,-3.369
Cc1cccc(C)c1NC(=O)CN1CC[NH+](CCCC(c2ccc(F)cc2)c2ccc(F)cc2)CC1,-3.692
COc1cc2c(c(OC)c1OC)-c1ccc(O)c(=O)cc1C([NH3+])CC2,-1.39
CC(Cl)S(=O)(=O)Cl,-1.367
O=C([O-])CCC(=O)OCC(NC(=O)C(Cl)Cl)C(O)c1ccc([N+](=O)[O-])cc1,-2.082
O=C(c1ccccc1)c1c(O)cc(O)cc1O,-1.871
CCCCCCCCCCCCOC(=O)c1cccnc1,-3.288
CCC(O)(CC)C(=O)[O-],-0.706
CCCCCCCCCCCOC(=O)c1ccccc1C(=O)OCCCCCCCCCCC,-5.631
CNc1ccc(O)c2c1C(=O)c1c(O)ccc(NC)c1C2=O,-7.167
O=c1[n-]c2ncncc2[nH]c1=O,-2.693
CCOc1cc(N=Nc2c(Br)cc([N+](=O)[O-])cc2[N+](=O)[O-])c(NC(C)=O)cc1N(CCOC(C)=O)CCOC(C)=O,-8.09
CC(C)(C)C(=O)Oc1ccc([N+](=O)[O-])cc1,-6.571
Nc1ncnc2c1ncn2Cc1ccccc1,-2.709
CC(=O)OCCSCCOC(C)=O,-0.98
O=C1C([O-])=C(Br)C(=O)C([O-])=C1Br,-2.313
Nc1ccc(Nc2ccccc2)c2c1C(=O)c1ccccc1C2=O,-9.214
CC(C)=C(C)C(=O)[O-],-0.367
Nc1nn[nH]n1,-0.835
O=C([O-])CC=CCC(=O)[O-],-1.388
CC(CCC(C)C(=O)[O-])C(=O)[O-],-0.415
O=[N+]([O-])c1ccc(N=Nc2ccc(N(CCO)CCO)cc2Cl)cc1,-5.959
CC1=NN(c2ccccc2)C(=O)CC1,-1.55
CS(=O)(=O)C(S(C)(=O)=O)S(C)(=O)=O,-3.268
O=C(CO)Nc1ccccc1,-0.447
NC(=O)C1OC(=O)c2ccccc21,-2.134
O=P([O-])(Oc1ccc2ccccc2c1)Oc1ccc2ccccc2c1,-2.942
CCCCCCN1CCCC1=O,-1.101
CCCCc1c(C)[nH]c(N(C)C)nc1=O,-2.242
CCCCCN1C(=O)CCC1=O,-1.105
NC(=O)N(CCCO)N=Cc1ccc([N+](=O)[O-])o1,-2.596
Cn1c(=O)c2c([nH]c(=O)n2C)n(C)c1=O,-1.582
CCCCC(C(=O)[O-])[NH+](C)C,0.493
Cc1ccc([N-]S(=O)(=O)c2ccc(N)cc2)nn1,-2.637
CC(OC(C)C(N)=O)C(N)=O,-0.108
Cn1c(=O)c2c(ncn2CC=O)n(C)c1=O,-1.268
CCC1NC(=O)C(CC)NC1=O,-1.712
NC(=O)Nc1ncnc2[nH]cnc12,-2.754
CCCC1OCC(C)([N+](=O)[O-])CO1,-1.8
CC(=O)CC(=O)C(=O)[O-],0.291
Nc1ccc(S(=O)(=O)[N-]c2ncnc3nc[nH]c23)cc1,-4.349
CN(O)N=Nc1ccccc1,-1.526
Cn1cnc2c1c(=O)n(CCC(=O)[O-])c(=O)n2C,-0.897
O=[N+]([O-])c1ccc(Oc2c([N+](=O)[O-])cc([N+](=O)[O-])cc2[N+](=O)[O-])c([N+](=O)[O-])c1,-3.597
CCCc1nc(N)nc(N)n1,-0.916
CCC(=O)NC(=O)CC,-1.713
Nc1ccc(N=Nc2ccc(N)c3ccccc23)cc1,-6.521
Cc1cc(N(CCO)CCC#N)ccc1N=Nc1ccc([N+](=O)[O-])cc1,-6.722
C=CC1C[NH+]2C(OC)CC1CC2C(O)c1ccnc2ccccc12,-0.902
CC(=O)OCCOc1ccccc1,-1.977
CN(CCO)c1ccc(N=Nc2c(Cl)cc([N+](=O)[O-])cc2Cl)cc1,-6.366
O=C([O-])c1cc(-n2nc3ccccc3n2)ccc1O,-3.009
O=C(Nc1ccccc1)c1cc(O)c(O)c(O)c1,-2.089
CCCCCCCCCCCCCCCCCCNC(=O)C(C)O,-4.056
O=C([O-])CCS(=O)(=O)CCC(=O)[O-],-1.967
Cc1c(N)cccc1S(=O)(=O)[O-],-1.74
Nc1cc(S(=O)(=O)[O-])c(N)c(S(=O)(=O)[O-])c1,-0.069
O=P([O-])(O)CN(CP(=O)([O-])O)CP(=O)([O-])O,0.524
CCCCNC(=O)C(O)C(O)C(O)C(O)C(=O)NCCCC,-2.108
COC(C)C(NC=O)C(=O)[O-],-0.616
NC(=[NH2+])NCCCCCC(=O)[O-],-2.387
CCS(=O)(=O)C(C)Br,-0.461
O=c1[n-]c2c(=O)[nH]c(=O)[nH]c2c(=O)[nH]1,-5.456
O=C(OC1C2C=COC(OC3OC(CO)C(O)C(O)C3O)C2C2(CO)OC12)c1ccc(O)cc1,-1.927
CCCOC(=O)c1c(C(=O)[O-])cccc1[N+](=O)[O-],-2.347
CC(C)CCOC(=O)c1c(C(=O)[O-])cccc1[N+](=O)[O-],-3.069
CN(C(=N)N[N+](=O)[O-])[N+](=O)[O-],-0.61
CCC(C)NC(N)=S,-1.139
CCOC(=O)c1c(C(=O)[O-])cccc1[N+](=O)[O-],-1.916
CCCCOC(=O)c1c(C(=O)[O-])cccc1[N+](=O)[O-],-2.719
CC(SC(C)C(N)=O)C(N)=O,-0.924
CC(=O)CC(=O)OC1CCCCC1,-2.904
CCOC(=O)Cn1cnc2c1c(=O)n(C)c(=O)n2C,-1.539
O=c1[n-]c2c(=O)[nH]c(=S)[nH]c2[nH]c1=O,-2.23
CCOC(=O)C1C2C=CC(C2)C1C(=O)OCC,-1.828
CC(=CC(=O)[O-])SC(C)=CC(=O)[O-],-2.306
O=C(NC(C(=O)[O-])c1ccccc1)c1ccccc1,-2.246
CC(C)[c-]1c(=O)[nH]c(=O)[nH]c1=O,-1.456
Oc1cccc2scnc12,0.765
CC(=O)Nc1cccc(C(C)=O)c1,-1.623
O=S1(=O)N=C(Nc2ccccc2)c2ccccc21,-3.713
NC1=NS(=O)(=O)c2ccccc21,-2.454
CCC(=O)OCCCCCOC(=O)CC,-2.231
CCC(C)N1C(=O)c2ccccc2C1=O,-2.91
CCCN(CCC)C(=O)CCC(=O)OCC,-1.096
CC(C)(O)C(=O)OCCc1ccccc1,-1.62
O=S1CS(=O)CS(=O)C1,-2.143
N#CCC(=O)NCc1ccccc1,-2.065
CC(C)CC(C)OCC(O)CO,-1.25
Cn1c(=S)c2c(ncn2C)n(C)c1=O,-3.323
O=c1[nH]c2nc[nH]c(=O)c2[nH]1,-2.959
COC1/C=C\OC2(C)Oc3c(C)c(O)c4c(O)c(c(C=NN5CC[NH+](C)CC5)c(O)c4c3C2=O)NC(=O)/C(C)=C\C=C/C(C)C(O)C(C)C(O)C(C)C(OC(C)=O)C1C,-2.769
CC1(C)OCC(C2OC3OC(C)(C)OC3C2OC(=O)c2ccccc2)O1,-3.301
O=C1OC(C(O)CO)C([O-])=C1Nc1ccc(S(=O)(=O)c2ccc(NC3=C([O-])C(C(O)CO)OC3=O)cc2)cc1,-5.15
S=P(N1CCOCC1)(N1CCOCC1)N1CCOCC1,-1.999
CCCOC(=O)CCOCC,-4.017
CCCCC(Br)C(=O)NC(N)=O,-2.856
Nc1cnc2c(N)nc(N)nc2n1,-2.902
N#CCC(=O)N1CCCCC1,-0.915
CCC(=O)NC(=O)CCl,-2.096
Cc1nc(C)c(C(=O)NN)cc1C(=O)NN,-0.395
CCOC(=O)C(O)C(O)C(O)C(O)C(=O)OCC,-1.069
Cc1cnc(N)[nH]c1=O,-1.495
Cc1cnc2[n-]cnc(=O)c2n1,-1.649
O=CC(NC(=O)OCc1ccccc1)C(O)C(O)C(O)CO,-1.74
CCCC1(CCC(C)C)C(=O)NC(=O)NC1=O,-2.595
N#CCC(=O)Nc1cccc(Cl)c1,-2.626
N#CCC(=O)Nc1ccc(Cl)cc1,-3.289
CCCCCCCNC(=O)C(O)C(O)C(O)C(O)CO,-1.923
CC1=NOC(=O)C1=NO,-0.539
NS(=O)(=O)CC([NH3+])C(=O)[O-],-3.846
Nc1nc(N)c2nc(N)[nH]c2n1,-1.5
N#CCC(=O)NN=CC=Cc1ccc([N+](=O)[O-])o1,-3.749
NC(=S)NN=CC=Cc1ccc([N+](=O)[O-])o1,-3.934
O=C(NN=CC=Cc1ccc([N+](=O)[O-])o1)c1ccncc1,-3.98
O=[N+]([O-])c1c([O-])c([N+](=O)[O-])c(Cl)c([N+](=O)[O-])c1Cl,-0.605
Nc1cnc2ncnc(N)c2n1,-3.59
Nc1nc2ncnc(N)c2nc1N,-3.345
Nc1nc(N)c2nc(N)c(N)nc2n1,-3.398
O=C([O-])CN[NH2+]CC(=O)[O-],-1.723
CCC(=O)NC(C)=O,-0.806
O=[N+]([O-])[N-]c1ccc([N+](=O)[O-])cc1,-2.0
CC1CCC/C=C\C2CC(O)CC2C(O)/C=C\C(=O)O1,-5.67
CCCOC(=O)C(C)OC(C)=O,-0.64
O=c1c(-c2ccc(O)c(O)c2)coc2cc(OC3OC(CO)C(O)C(O)C3O)cc(O)c12,-3.652
CC(C)C(SC(C(=O)[O-])C(C)C)C(=O)[O-],-1.757
CC(=N[N-]c1ccc([N+](=O)[O-])cc1[N+](=O)[O-])C(=O)[O-],-1.017
CC(=O)c1ccc(NC(=O)Nc2ccc(C(C)=O)cc2)cc1,-3.859
O=[N+]([O-])OCC(CO[N+](=O)[O-])(CO[N+](=O)[O-])[N+](=O)[O-],-2.545
NC(=S)NCNC(N)=S,-1.671
COC(=O)c1sccc1N,-1.895
CCCOC(=O)CO[N+](=O)[O-],-1.957
O=S(=O)([O-])c1cc(S(=O)(=O)[O-])c2c(N=Nc3cccc4ccccc34)c(O)ccc2c1,-0.339
CC(C)Nc1nc(Cl)nc(NC2CC2)n1,-3.519
CC(=O)Nc1nc(=S)ss1,-2.381
CNc1nc2cncnc2[nH]1,-1.827
CCCOC(=O)NCCC[NH+](C)C,0.679
O=c1[cH-]c(=O)[nH]cn1,-1.652
CC(Br)Br,-1.18
CC(C)C(NC(N)=O)C(=O)[O-],-1.532
CCC(C)C(NC(N)=O)C(=O)[O-],-2.095
CC(C)CCCCCCCOC(=O)c1ccccc1C(=O)OCCCCCCCC(C)C,-6.203
CC(C)CCCCCCCOC(=O)CCCCC(=O)OCCCCCCCC(C)C,-9.987
CCC(CC(CC)C(=O)[O-])C(=O)[O-],-1.09
S=c1ncc2nc[nH]c2[nH]1,-2.569
CC(C)CCCCCCOC(=O)c1ccccc1C(=O)OCCCCCCC(C)C,-6.321
CC(=O)C1CC(C(=O)[O-])C1(C)C,-1.085
[NH3+]C(CSSc1ccccc1)C(=O)[O-],-2.661
CCCCCCCCCCCCCCCCNC(=O)c1cccnc1,-2.96
CCC(C)(NC=O)C(=O)[O-],-0.582
CCOC(=O)Nc1[n-]cnc2ncnc1-2,-2.94
CCS(=O)(=O)CCBr,-0.439
O=[N+]([O-])OCC(O[N+](=O)[O-])C(O)C(O[N+](=O)[O-])C(CO[N+](=O)[O-])O[N+](=O)[O-],-3.091
O=C([O-])CC(O)(C(=O)[O-])c1ccccc1,-1.127
Nc1ccc(O)c2c1C(=O)c1c(O)cc(Br)c(N)c1C2=O,-10.772
CS(=O)(=O)OCC(COS(C)(=O)=O)OS(C)(=O)=O,-2.191
CSc1nc2cncnc2[nH]1,-2.033
CN(C)C(=O)Nc1ccc(SC(F)(F)Cl)c(Cl)c1,-0.635
CSc1ncc2nc[nH]c2n1,-2.547
Cn1c(=O)[nH]c2[nH]c(=O)n(C)c2c1=O,-2.441
Cc1cnc2c(=O)nc[n-]c2n1,-1.563
CCC(O)OCCCOC,0.829
O=C1c2cccc(S(=O)(=O)[O-])c2C(=O)c2cccc(Cl)c21,0.19
CC(C)C(C(=O)[O-])C(C)C(=O)[O-],-1.435
O=C([O-])CSC(c1ccccc1)(c1ccccc1)c1ccccc1,-4.302
CC(C)C(O)C(C)(C)C(=O)[O-],-0.897
Clc1cc2c(cc1Cl)Oc1c(cc(Cl)c(Cl)c1Cl)O2,-9.473
Cc1ncc(CNC(N)=O)c(N)n1,-2.258
COc1ncc2nc[nH]c2n1,-1.46
O=C(NN=CC=Cc1ccc([N+](=O)[O-])o1)c1ccc(Br)o1,-5.072
NC(=[NH2+])Nc1nc2ccccc2o1,-2.765
CCOC(=O)C(C)NC(=O)c1ccco1,-1.105
COc1cc([N+](=O)[O-])ccc1N=Nc1ccc(N(CCO)CCO)cc1C,-5.348
Cc1cc(N(CCO)CCO)ccc1N=Nc1ccc([N+](=O)[O-])cc1[N+](=O)[O-],-6.0
CC(=O)c1cccc(NC(N)=O)c1,-1.874
Cc1[n-]n(-c2ccc([N+](=O)[O-])cc2)c(=O)c1[N+](=O)[O-],-2.332
O=C([O-])COc1cccc(OCC(=O)[O-])c1OCC(=O)[O-],-1.363
CCOC(=O)NC(=O)CC(=O)NC(=O)OCC,-0.993
O=C([S-])CCCCCCC(=O)[S-],-2.235
Cc1cnns1,0.096
N#CCC(=O)Nc1ccccc1Cl,-2.298
O=C([S-])c1cccnc1,-1.38
CN(C)c1nc(=O)n(C2CCCCC2)c(=O)n1C,-0.883
CC(C)c1nc(C(=O)[O-])c(C(=O)[O-])[nH]1,-1.792
CC1(C)C2CCC1(C)C(O)C2[NH3+],-1.229
Cc1cc(=O)n(-c2ccccc2)n1-c1ccccc1,-3.097
CC(CCCC(C)C(=O)[O-])C(=O)[O-],-0.932
CN1C(C(=O)[O-])CCC1C(=O)[O-],-0.443
NC(=O)c1cc(O)ccc1O,-1.683
CC1OC(OC2C(O)CC(OC3C(O)CC(OC4CCC5(C)C(CCC6C5CC(O)C5(C)C(C7=CC(=O)OC7)C(O)CC65O)C4)OC3C)OC2C)CC(O)C1O,-2.901
CC(COC=O)OC=O,-3.186
CCCCC1(C)C(=O)NC(=O)NC1=O,-2.042
CC(C)CC1(C)C(=O)NC(=O)NC1=O,-2.042
O=S(=O)([O-])c1cc(Br)cc2cccnc12,-2.558
O=S(=O)([O-])C(S(=O)(=O)[O-])S(=O)(=O)[O-],-2.486
c1ccc(N2CCSCC2)cc1,-1.254
Cn1c(=O)[nH]c(=O)c2[nH]c(=O)n(C)c21,-2.568
O=S1(=O)c2ccccc2S(=O)(=O)c2cc([O-])ccc21,0.416
O=c1oc2ccccc2c([O-])c1C1CC(c2ccc(-c3ccccc3)cc2)Cc2ccccc21,-7.157
O=C1CCCCCNC(=O)CCCCCNC(=O)CCCCCN1,-1.562
Nc1ccc(S(N)(=O)=O)cn1,-1.217
FC(F)(F)c1cccc(C(c2ccccc2)(c2ccccc2)n2ccnn2)c1,-8.384
Nc1cccc2c(O)c(S(=O)(=O)[O-])ccc12,-2.318
CCCCC(CC)C(=O)NC(N)=O,-2.668
CCc1nc(C(=O)[O-])c(C(=O)[O-])[nH]1,-2.834
CCCc1nc(C(=O)[O-])c(C(=O)[O-])[nH]1,-2.19
CCCC(=O)CC(=O)C(=O)[O-],-0.619
CCCCC(=O)CC(=O)C(=O)[O-],-0.957
CC1CCC(C(N)=O)CC1,-2.172
O=C(Nc1ccc(S(=O)(=O)[O-])cc1)c1cc2ccccc2cc1O,-2.592
CCN(CCO)c1ccc(N=Nc2ccc([N+](=O)[O-])cc2[N+](=O)[O-])cc1,-5.699
Cn1nnnc1SSc1nnnn1C,-1.76
COc1cc2oc(C)cc(=O)c2c(OC)c1OC,-1.574
O=C([O-])CS(=O)(=O)CCS(=O)(=O)CC(=O)[O-],-1.732
O=C([O-])CCC(=O)NC(Cc1cc(I)c(Oc2cc(I)c(O)c(I)c2)c(I)c1)C(=O)[O-],-1.965
Cc1noc(C)c1NS(=O)(=O)c1ccc(N)cc1,-3.184
CCCCN(C(=N)N[N+](=O)[O-])[N+](=O)[O-],-1.71
Cc1cc(N(CCO)CCO)ccc1N=Nc1c(Cl)cc([N+](=O)[O-])cc1[N+](=O)[O-],-6.301
O=c1cnc2cnc(=O)[nH]c2[nH]1,-2.361
CCCCCCCCCCCCCCCCOC(=O)c1cccnc1,-3.427
CCOC(=O)CNC(=O)c1ccco1,-0.931
CC(C)CCC1(C)C(=O)NC(=O)NC1=O,-2.424
CCOC(CN(CC(OCC)OCC)N=O)OCC,-1.606
CCOC(C[NH2+]CC(OCC)OCC)OCC,0.126
N#Cc1ccccc1S(=O)(=O)Nc1ccccc1,-2.935
CCCCN(CCC#N)c1ccc(N=Nc2ccc([N+](=O)[O-])cc2)cc1,-7.699
CC1CCCCC1(O)C(=O)[O-],-0.898
CCC1CCC2(CCC(CC)O2)O1,-1.846
CCCC(=NOCC)C1=C([O-])CC(CC(C)SCC)CC1=O,-4.117
CCC1(C)C(=O)NC(=O)N1CN1C(=O)NC(=O)C1(C)CC,-2.518
CCCCCCOC(=O)C(C)OC(C)=O,-0.855
CC(CCCCCCCCC(=O)[O-])CC(=O)[O-],-3.388
CNC(=O)c1ncnc2[nH]cnc12,-2.364
COc1ccc(C(=O)[O-])c([N+](=O)[O-])c1OC,-2.356
O=[N+]([O-])c1cc(C(F)(F)F)c(Cl)c([N+](=O)[O-])c1Nc1ncc(C(F)(F)F)cc1Cl,-5.422
CCC([NH3+])C(=O)NC(CC)C(=O)NC(CC)C(=O)NC(CC)C(=O)NC(CC)C(=O)NC(CC)C(=O)[O-],-2.682
O=C1OC(c2ccc(O)c(-c3ccccc3)c2)(c2ccc(O)c(-c3ccccc3)c2)c2ccccc21,-3.559
CC1(OO)NC(=O)NC1O,-0.597
CCCCCCCCCC(=O)CC(=O)C(=O)[O-],-3.083
COC(=O)C(N)Cc1cc(I)c(Oc2cc(I)c(O)c(I)c2)c(I)c1,-3.668
CCCCC1NC(=O)NC1=O,-1.495
CC(C)([NH2+]CC[NH2+]C(C)(C)C(=O)[O-])C(=O)[O-],-2.065
C=C(C)C(CC(=O)[O-])C(=O)[O-],-0.321
CON=C(Cc1cccnc1)c1ccc(Cl)cc1Cl,-3.294
CCOC(=O)C(C)=CC(=O)[O-],-1.026
CCC(SSC(CC)C(=O)[O-])C(=O)[O-],-0.962
O=C(NN=CC=Cc1ccc([N+](=O)[O-])o1)C(Cl)Cl,-4.164
NC(=O)N(CCO)N=CC=Cc1ccc([N+](=O)[O-])o1,-3.11
CC(Br)C(C)(Br)C(=O)[O-],-1.394
CC(CC(=O)[O-])C(=O)Nc1ccccc1,-1.237
O=C(NN=CC=Cc1ccc([N+](=O)[O-])o1)c1ccc([N+](=O)[O-])o1,-4.342
Cn1c(=O)[n-]c2c(=O)[nH]c(=O)[nH]c2c1=O,-4.624
O=C(NN=CC=Cc1ccc([N+](=O)[O-])o1)Nc1ccccc1,-4.088
O=C(NN=Cc1ccc([N+](=O)[O-])o1)c1cccc([N+](=O)[O-])c1,-4.992
Cn1c(=O)[n-]c2c(=O)n(C)c(=O)n(C)c2c1=O,-3.764
Cn1c(=O)c2c(c(=O)n(C)c(=O)n2C)n(C)c1=O,-2.939
O=C(NC(=O)c1c(F)cccc1F)Nc1ccc(CON=C(c2ccc(Cl)cc2)C2CC2)cc1,-8.685
COc1nc(C)nc(NC(=O)[N-]S(=O)(=O)c2ccccc2CCC(F)(F)F)n1,-4.16
CC12CCC(C(=O)N(O)C1=O)C2(C)C,-0.278
CCOC(=O)C1CC(=O)C(=C([O-])C2CC2)C(=O)C1,-4.955
NC(=O)C(=O)N(CCO)N=CC=Cc1ccc([N+](=O)[O-])o1,-3.404
CCC(=O)n1ncc2c(=O)[nH]cnc21,-2.807
O=C(c1ccccc1)n1ncc2c(=O)[nH]cnc21,-4.234
O=[N+]([O-])c1ccc(NN=CC=Cc2ccc([N+](=O)[O-])o2)c([N+](=O)[O-])c1,-5.064
CCCC(=O)n1ncc2c(=O)[nH]cnc21,-3.273
COC(=O)Nc1ncnc2nc[nH]c12,-2.49
CN1C(=O)NCc2c1ncn2C,-1.34
CCN(CC)C(=O)CCC(=O)OCn1ncc2c(=O)[nH]cnc21,-0.988
CC(=O)OCn1ncc2c(=O)[nH]cnc21,-2.555
O=C(OCn1ncc2c(=O)[nH]cnc21)c1ccccc1,-4.052
O=C(OCn1ncc2c(=O)[nH]cnc21)c1cccnc1,-3.465
CCC(S(=O)(=O)CC)S(=O)(=O)CC,-1.461
CCCCCCCCCCCCN1CC(C(=O)OC)CC1=O,-4.376
O=C([O-])CCCCCCCC(C(=O)[O-])(c1ccccc1)c1ccccc1,-3.939
O=C([O-])CCCCCC(C(=O)[O-])(c1ccccc1)c1ccccc1,-3.497
O=C(NC(=O)c1c(F)cccc1F)Nc1cc(Cl)c(OC(F)(F)C(F)C(F)(F)F)cc1Cl,-6.93
COc1cc(OC)nc(NC(=O)[N-]S(=O)(=O)c2ncccc2C(F)(F)F)n1,-2.288
CCCCCCCC(O)C(O)C(=O)[O-],-2.356
O=c1sc2ccccc2c([O-])c1C1CC(c2ccc(-c3ccc(Br)cc3)cc2)Cc2ccccc21,-6.141
CCCCCCCCCC(O)C(O)C(=O)[O-],-3.521
Cc1nc(Br)[nH]c1[N+](=O)[O-],-1.791
Nc1cc(C(=O)[O-])ccc1S(=O)(=O)[O-],-2.434
O=[N+]([O-])c1ccc(NS(=O)(=O)c2ccc(Cl)c(C(F)(F)F)c2)c(Cl)c1,-2.156
Cc1cccc([N-]S(=O)(=O)c2ccc(N)cc2)[n+]1[O-],-5.747
CC(=O)Nc1nc2c(ncn2COCCO)c(=O)[nH]1,-1.919
O=C([O-])CCCCCCC(C(=O)[O-])(c1ccccc1)c1ccccc1,-3.92
FC(F)C(F)(F)OCC(Cn1cncn1)c1ccc(Cl)cc1Cl,-3.378
NC(=O)C(=O)N(CCO)N=Cc1ccc([N+](=O)[O-])o1,-3.055
CCCCCCN1CC(C(=O)[O-])CC1=O,-1.456
NNC(=[NH2+])c1ncnc2[nH]cnc12,-2.753
O=c1[nH]c(=O)c2c([nH]1)[nH]c(=O)n2CO,-1.899
Cc1nn(-c2cc(NS(C)(=O)=O)c(Cl)cc2Cl)c(=O)n1C(F)F,-2.696
O=CC1OC2OC(C(Cl)(Cl)Cl)OC2C1O,-2.045
O=NN(CCCl)C(=O)NCCC(SCC(=O)[O-])n1cc(F)c(=O)[nH]c1=O,-1.519
Cn1nc(-c2cc(OCC(=O)[O-])c(Cl)cc2F)c(Cl)c1OC(F)F,-5.586
NC(=O)NC1(N)NC(=O)N=C1N,-1.838
CCCCCCCCCCCCCCCCCCNC(=O)c1cccnc1,-3.193
CCCC(=O)c1c(C)cc(C)c(C2CC(=O)C(C(CC)=NOCC)=C([O-])C2)c1C,-4.763
COc1cc(OC)nc(Oc2cccc(Oc3nc(OC)cc(OC)n3)c2C(=O)ON=C(c2ccccc2)c2ccccc2)n1,-5.241
[N]c1ncnc2c1ncn2C1OC(COP(=O)([O-])OP(=O)([O-])OP(=O)([O-])O)C(O)C1O,0.2948
[C]CN(C[C])C(=O)c1cccnc1,0.749
[C]C(=O)[N-]c1nnc(S([N])(=O)=O)s1,-2.3556
[C]N([C])c1ccc2nc3ccc(N([C])[C])cc3[s+]c2c1,-0.8655
[C]c1cc(OC(=O)N([C])[C])n(-c2ccccc2)n1,-2.0886
[C]N([C])CCN(Cc1ccccc1)c1ccccn1,-2.6383
[N]c1ccc2cc3ccc([N])cc3nc2c1,0.3783
c1ccc2n[nH]nc2c1,-0.7794
[N]C(=O)c1cnccn1,-0.9142
O=NC1CCCCC1,-0.7984
[N]c1nc([N])nc([N])n1,-1.5916
[C]c1ccnc([N-]S(=O)(=O)c2ccc([N])cc2)n1,-3.1168
[N]C(Cc1cccs1)C(=O)[O-],-0.8356
NS(=O)(=O)c1cc2c(cc1C(F)(F)F)NC=NS2(=O)=O,-0.8186
[C]Cn1cc(C(=O)[O-])c(=O)c2ccc([C])nc21,-3.3659
[C]COc1ccc2nc(S([N])(=O)=O)sc2c1,-3.8101
[C]c1cc([N-]S(=O)(=O)c2ccc([N])cc2)nc([C])n1,-2.2372
[C]CC1C[NH+]2CCC1CC2C(O)c1ccnc2ccc(O[C])cc12,-3.0514
[NH3+]C(Cc1[nH]nc2ccccc12)C(=O)[O-],-1.4091
C[NH+](C)CCc1ccc(O)cc1,-1.373
[C]CN(C[C])c1nc(Cl)nc(N(C[C])C[C])n1,-4.4112
[C]C(O)Cn1cnc2c1c(=O)n([C])c(=O)n2[C],0.623
[C]COC(=O)c1cccnc1,-0.4313
O=c1nc[n-]c2nccnc12,-1.4716
[C]c1cc([C])nc([N])n1,-0.4884
[C]CNc1nc(NC([C])[C])nc(S[C])n1,-3.0365
[C]c1cnc2cncnc2n1,0.0571
[C]CNc1nc([N])nc(Cl)n1,-2.4135
[C]C[n+]1c(-c2ccccc2)c2cc([N])ccc2c2ccc([N])cc21,-1.2948
[C]Oc1nc(NC([C])[C])nc(NC([C])[C])n1,-2.4777
[C]c1cnc2c(ccc3c([C])c([C])cnc32)c1[C],-5.19445
[C][n+]1ccc(-c2cc[n+]([C])cc2)cc1,0.4349
[C]CN(C[C])c1nc(Cl)nc(NC([C])[C])n1,-3.7849
[C]n1cnc2nc(Cl)nc(Cl)c21,-1.1522
O=c1ncc2[nH]cnc2[nH]1,-1.7136
O=NC1C(=O)C=Cc2ccccc21,-2.9374
[C]Nc1nc(NC([C])[C])nc(O[C])n1,-1.7509
[C]c1ccnc2c1ccc1c([C])ccnc12,-3.9686
[C]Oc1cc([N-]S(=O)(=O)c2ccc([N])cc2)nc([C])n1,-2.543
[C]c1cnc([N-]S(=O)(=O)c2ccc([N])cc2)nc1[C],-3.1435
[C]Sc1nc(N=[N+]=[N-])nc(NC([C])[C])n1,-3.6124
[C]CNc1nc(Cl)nc(NC([C])([C])[C])n1,-4.4024
[C]c1nc2c(c(=O)[nH]c(=O)n2[C])n1[C],-0.5432
O=NCc1ccc([N+](=O)[O-])o1,-2.1934
[C]C(=O)CCCCn1c(=O)c2c(ncn2[C])n([C])c1=O,-0.558
[C]Sc1nc(NC([C])[C])nc(NC([C])[C])n1,-3.8642
[N]c1nc2c(O)cccc2s1,-1.9196
[C]Oc1ccc(C(O)(c2cncnc2)C2CC2)cc1,-2.5959
NC(=Nc1cccc2ccccc12)[NH+]=C(N)N,-2.3151
Oc1nc2ccccc2nc1O,-2.812
O=c1cccc2[nH]ccnc1-2,-1.3468
[C]CCCNC(=O)n1c(NC(=O)O[C])nc2ccccc21,-4.8831
[C]NC(=O)N([C])c1nc2ccccc2s1,-3.5741
[C]Nc1ncc2nccnc2n1,-1.7124
[C]C(O)C(O)c1cnc2[n-]c([N])nc(=O)c2n1,-2.5301
[C]CNc1nc(NC([C])C([C])[C])nc(S[C])n1,-3.7082
[C]Cn1cnc2c1c(=O)n([C])c(=O)n2[C],-0.7544
[C]n1cnc2nccnc2c1=O,-1.0549
[C]CS(=O)(=O)c1nnc(N([C])C(=O)N[C])s1,-1.945
[C]CNc1nc(NC([C])([C])[C])nc(O[C])n1,-3.2388
[C]COc1cc(OP(=S)(O[C])O[C])nc(C[C])n1,-3.8638
[C]N([C])c1ncc2nccnc2n1,0.3586
[C]c1cccc2sc3nncn3c12,-2.0729
Cc1ccc(NC([O-])=NC(C)(C)c2ccccc2)cc1,-5.3495
[C]c1cc([C])nc(Nc2ccccc2)n1,-3.2166
[C]C([C])([C])C(O)C(Oc1ccc(Cl)cc1)n1cncn1,-3.3918
[C]CC(=O)N(c1ccccc1)C1(CO[C])CC[NH+](CCc2cccs2)CC1,-3.7064
[C]C([C])C(O)(c1ccc(OC(F)(F)F)cc1)c1cncnc1,-3.4377
S=c1nc[n-]c2nccnc12,-2.6471
[C]CCC(Cn1cncn1)c1ccc(Cl)cc1Cl,-3.5903
CN=C([O-])Sc1ccc(OS(C)(=O)=O)cc1,-2.7359
[C]C(Oc1ccc(Oc2ncc(C(F)(F)F)cc2Cl)cc1)C(=O)[O-],-3.9209
[C]CCCCCCCOC(=O)c1cccnc1,-3.0929
[C]c1cc([C])nc(C([N])=O)n1,0.1216
[C]OC(=O)c1ccccc1S(=O)(=O)[N-]C(=O)Nc1nc([C])cc([C])n1,-3.1291
[C]C([C])([C])C(O)C(Cc1ccc(Cl)cc1)n1cncn1,-3.98855
[C]CCSP(=O)(OC[C])Oc1cnn(-c2ccc(Cl)cc2)c1,-4.0388
[N]N=c1nc[n-]c2nccnc12,-1.8632
[C]Cc1cnc(C2=NC([C])(C([C])[C])C(=O)N2)c(C(=O)[O-])c1,-2.3153
[C]CCCCCCCCCNC(=O)c1cccnc1,-3.0765
[C]Oc1nc([C])nc(NC(=O)[N-]S(=O)(=O)c2ccccc2OCCCl)n1,-4.0989
[N]c1ncc2ncn(COCCO)c2n1,-1.0775
O=C([O-])c1cc(=O)nc(-c2ccccc2)[n-]1,-2.211
[C]COCCOC(=O)C([C])Oc1ccc(Oc2ncc(C(F)(F)F)cc2Cl)cc1,-5.8739
[C]C(Oc1ccc(Oc2ncc(Cl)cc2Cl)cc1)C(=O)N1CCCO1,-4.5922
[C]Oc1cccc(N([C])C(=S)Oc2cccc(C([C])([C])[C])c2)n1,-6.014
[C]C(=NNc1nc([C])cc([C])n1)c1ccccc1[C],-3.1959
[C]c1cnc2c(C(=O)[O-])c(Cl)ccc2c1,-2.9973
COCCOc1ccccc1S(=O)(=O)N=C([O-])N=c1nc(OC)[n-]c(OC)n1,-3.5372
[C]COP(=S)(Oc1cnc(C([C])([C])[C])nc1)OC([C])[C],-4.7626
[C]SC(=O)c1c(C(F)F)nc(C(F)(F)F)c(C(=O)S[C])c1CC([C])[C],-5.4575
[C]c1ncnc2c(O)cccc12,-2.6025
CCC(C)(C)C1CCC(N=O)C(N=O)C1,-3.9652
[C]OC(=O)c1c(Cl)nn([C])c1S(=O)(=O)[N-]C(=O)Nc1nc(O[C])cc(O[C])n1,-4.4642
[C]CC(C(=O)OCCCC=C)N(Cc1ccco1)C(=O)n1ccnc1,-2.8919
[C]Cc1nc2ncnc(O)c2nc1C[C],-1.9122
CCOCCc1ccc(OCCN=c2[n-]cnc(CC)c2Cl)c(C)c1C,-5.2409
[C]C([C])([C])C(O)(CCc1ccc(Cl)cc1)Cn1cncn1,-3.932
[C]C(=NNC(=O)Nc1cc(F)cc(F)c1)c1ncccc1C(=O)[O-],-3.7248
[C]c1nn([C])c(Oc2ccccc2)c1C=NOCc1ccc(C(=O)OC([C])([C])[C])cc1,-7.4604
[C]C1COC(Cn2cncn2)(c2ccc(Oc3ccc(Cl)cc3)cc2Cl)O1,-4.4327
[C]CN(Cc1ccc(Cl)nc1)C(=C[N+](=O)[O-])N[C],0.4918
[C]CN(C[C])C(=O)n1cnc(S(=O)(=O)c2c([C])cc([C])cc2[C])n1,-5.1467
[C]CC(Nc1ncnc([C])c1Cl)c1ccc(OC(F)F)cc1,-3.997
[C]C(=NC#N)N([C])Cc1ccc(Cl)nc1,-1.7244
[C]c1cccc(C(=O)[O-])c1S(=O)(=O)[N-]C(=O)Nc1nc(OCC(F)(F)F)nc(N([C])[C])n1,-5.6798
[C]C([C])N(C(=O)COc1nnc(C(F)(F)F)s1)c1ccc(F)cc1,-3.8121
[N]C1C2CN(c3nc4c(cc3F)c(=O)c(C(=O)[O-])cn4-c3ccc(F)cc3F)CC12,-4.5296
[C]Oc1ccc2c(c1)c(CC(=O)[O-])c([C])n2C(=O)c1ccc(Cl)cc1,-5.5817
[C]N1CCCC1c1cccnc1,0.7898
[N]NC(=O)c1ccncc1,0.009
CN1C(=O)C(C)(C2=CCCCC2)C(=O)N=C1[O-],-2.7349
[C]Oc1ccc2nccc(C(O)C3CC4CC[NH+]3CC4C=C)c2c1,-3.0886
[C]c1cc([C])nc([N-]S(=O)(=O)c2ccc([N])cc2)n1,-2.2685
[C]n1c(=O)c2c(ncn2[C])n([C])c1=O,-0.966
[C]c1ncc(CO)c(CO)c1O,0.0293
[N]c1ccc(S(=O)(=O)[N-]c2cnc3ccccc3n2)cc1,-4.6026
[N]c1ncnc2c1ncn2C1OC(COP(=O)([O-])[O-])C(O)C1O,-1.5406
Nc1ncn[nH]1,0.5225
[C]c1ncc(CO)c(C=O)c1O,0.3901
[N]c1ccc(S(=O)(=O)[N-]c2ncccn2)cc1,-3.5119
[N]c1ccc(S(=O)(=O)[N-]c2nccs2)cc1,-2.4248
[C]OP(=S)(O[C])SCc1nc([N])nc([N])n1,-3.069
[C]C([C])c1nnc([N-]S(=O)(=O)c2ccc([N])cc2)s1,-3.4141
[C]n1cnc2c1c(=O)[nH]c(=O)n2[C],-2.7372
[C]Oc1ccc2nccc(C(=O)C3CC4CC[NH+]3CC4C=C)c2c1,-5.0313
[C]CCCOc1cc(C(=O)NCC[NH+](C[C])C[C])c2ccccc2n1,-3.9126
[C]C(=O)c1cccs1,-0.9549
[N]c1nc([N])nc(-c2ccccc2)n1,-2.4942
[C]N([C])CCN(Cc1cccs1)c1ccccn1,-2.6383
[C]OC(=O)c1cccnc1,-0.4596
CC(N=O)C(C)N=O,-2.2868
CCC(C)N=O,0.0599
[N]C(=O)c1cccnc1,0.6121
[C]c1cnccn1,1.0263
[C]c1cc(OC(=O)N([C])[C])n(C([C])[C])n1,0.6752
[C]Oc1cc([N-]S(=O)(=O)c2ccc([N])cc2)nc(O[C])n1,-2.9565
[C]CNc1nc(Cl)nc(NC[C])n1,-4.3373
[C]C([C])Nc1nc(Cl)nc(NC([C])[C])n1,-4.4267
[C]CNC(=O)Nc1ncc([N+](=O)[O-])s1,-2.8578
CCC(C)C1(CC)C(=O)N=C([O-])NC1=O,0.1528
[N]c1ccc(S(=O)(=O)Nc2ccccn2)cc1,-2.9686
c1ncc2n[nH]nc2n1,-0.2319
[C]COP(=S)(OC[C])Oc1cnccn1,-2.338
O=c1ncnc2[nH][n-]cc1-2,-2.3788
[C]COP(=S)(OC[C])Oc1cc([C])nc(C([C])[C])n1,-3.8813
N#[N+]c1ccccc1,-1.4438
[C]COc1ccc2nc3cc([N])ccc3c([N])c2c1,-0.5802
[N]c1cccnc1,1.0263
[N]c1ccc(S(=O)(=O)c2cnc([N])s2)cc1,-2.805
[C]n1c(=O)c2c(ncn2CC(O)CO)n([C])c1=O,0.1172
Oc1nc(O)c2nccnc2n1,-2.1183
Nc1nc(=O)c2[n-]c(=O)c(=O)[nH]c2[nH]1,-5.1655
[C]N([C])c1ccc2cc3ccc(N([C])[C])cc3[nH+]c2c1,-2.5787
O=NC1C=CC(=NNC(=O)c2ccccc2)C=C1,-4.6835
[N]c1ccncc1,-0.0529
[N]c1ccccn1,0.9757
[C]c1csc([N-]S(=O)(=O)c2ccc([N])cc2)n1,-2.1293
CC(=O)C1CCOC1=O,0.1934
[C]c1ncc(CO)c(C[N])c1O,0.4731
[N]c1ccc(S(=O)(=O)[N-]c2ccnn2-c2ccccc2)cc1,-2.3213
O=NC1CCCCCC1N=O,-1.4249
[C]c1cc(N([C])[C])nc(Cl)n1,-1.2615
NC(N)=[NH+]CCS(=O)(=O)[O-],-0.6321
[N]NC(=O)c1cccnc1,-0.1372
Cc1cnc(=O)[nH]c1N,-0.5595
[N]c1cccc2nc3ccccc3cc12,-4.222
[C]c1cnc([N-]S(=O)(=O)c2ccc([N])cc2)nc1,-2.82
[C]Sc1nc2ccccc2s1,-3.1614
[C]n1ccnc1,1.0856
[C]c1cc([N-]S(=O)(=O)c2ccc([N])cc2)sn1,-1.0762
O=NC1C=CC(=O)C=C1,-1.5462
[C]N([C])c1nc(N([C])[C])nc(N([C])[C])n1,-3.3638
[C]Oc1cnc([N-]S(=O)(=O)c2ccc([N])cc2)nc1,-2.5843
[C]CNc1nc(NC[C])nc(O[C])n1,-1.7898
[N]c1ncc2nccnc2n1,-2.2979
[C]c1nn(-c2ccccc2)c([C])c1N=O,-3.7355
[C]c1nc([N-]S(=O)(=O)c2ccc([N])cc2)oc1[C],-2.2025
[C]Oc1cc(Cc2cnc([N])nc2[N])cc(O[C])c1O[C],-2.8608
[C]Sc1ncccn1,-0.402
[C]c1nc2c(c(=O)n([C])c(=O)n2[C])n1[C],-1.4493
[C]OCCCNc1nc(NC([C])[C])nc(S[C])n1,-2.9284
[C]OCCCNc1nc(NCCCO[C])nc(S[C])n1,-3.4792
[C]COc1nc(OC[C])nc(OC[C])n1,-1.4838
[C]CNc1nc(NC([C])([C])[C])nc(S[C])n1,-3.9847
[C]c1cc[n+]([O-])cc1,0.9621
[C]c1ccc[n+]([O-])c1,0.9621
[C]Nc1nc(NC([C])[C])nc(S[C])n1,-2.5656
[C]CCCn1cnc2c1c(=O)n([C])c(=O)n2[C],-1.8069
[C]N([C])P(=O)(N([C])[C])n1nc(-c2ccccc2)nc1[N],-3.0709
[S-]c1nnc(S)s1,-0.7552
[C]N([C])c1cc[nH+]cc1,-0.2062
CN=C([O-])Oc1cccc(C)c1,-1.803
[C]c1cc([N])n(-c2ccccc2)n1,-0.9376
[C]CCCn1c(=O)c2c(ncn2[C])n([C])c1=O,-1.6252
[N]C(=O)c1ccccn1,0.1685
[C]CNc1nc(NC([C])[C])nc(O[C])n1,-2.0696
[N]c1ccc2snnc2c1,-1.3045
N#C[S-],0.9178
CC(CN=O)N=O,-0.3462
[C]CN(C[C])C(=O)CSc1ccc(Cl)nn1,-1.7156
[N]c1ncnc2c1ncn2C1(CO)OC(CO)C(O)C1O,-1.5701
[C]CNc1nc(Cl)nc(NC([C])[C])n1,-3.8867
[C]CNc1nc(Cl)nc(N(C[C])C[C])n1,-4.0601
[N]c1c(Cl)c(Cl)nc(C(=O)[O-])c1Cl,-2.7494
[C]NC(=O)Nc1nc2ccccc2s1,-4.2373
[C]CNc1nc(O)nc(NC([C])[C])n1,-4.5241
O=NC1C=CCCC1,-0.83505
[C]c1ncc2nccnc2n1,-0.1191
[C]c1ncnc2nccnc12,-0.4658
[C]c1ccc2nc3sc(=O)sc3nc2c1,-5.3698
[N]C([N])=Nc1nc2ccccc2s1,-2.4412
[C]COc1nc(C(Cl)(Cl)Cl)ns1,-3.3254
[C]c1nc([C])c(C(=O)[O-])cc1C(=O)[O-],-2.809
O=S(=O)([O-])c1cc(S(=O)(=O)[O-])c2c(N=Nc3ccc(S(=O)(=O)[O-])c4ccccc34)c(O)ccc2c1,-0.8783
[C]c1nc2c(=O)n([C])c(=O)n([C])c2nc1[C],-1.3429
[C]COP(=S)(OC[C])Oc1nc(Cl)c(Cl)cc1Cl,-5.4956
[C]c1nc([C])c(Cl)c(O)c1Cl,-4.2834
NC1=NC2=NC=NC2C(C(F)(F)F)=N1,-3.1346
[C]CN(C[C])c1nc(NC([C])[C])nc(O[C])n1,-4.889
[C]Nc1nc(Cl)nc(NC([C])[C])n1,-2.8896
CCC(NC(N)=[NH2+])C(=O)[O-],-0.8608
CCCOC(=O)C(C)(C)O,-0.1649
[N]c1nc([N])nc(Cl)n1,-2.3849
[C]n1c(=O)c2n[se]nc2n([C])c1=O,-2.2994
[C]C([C])Cc1nnc([N-]S(=O)(=O)c2ccc([N])cc2)s1,-3.8226
[C]c1cc([C])c[n+]([O-])c1,0.9095
[N]Cc1ccccn1,0.966
[N]Cc1ccncc1,0.966
[C]CSc1nc(NC([C])[C])nc(NC([C])[C])n1,-4.2031
CCC(N=O)C(CC)N=O,-2.5525
[C]CCCc1c([C])nc(N([C])[C])nc1O,-2.2416
[C]CCCCCCCCCOC(=O)c1cccnc1,-3.1901
[C]Cc1nc2c(c(=O)n([C])c(=O)n2[C])n1[C],-1.5687
NC(=Nc1ccc2ccccc2c1)[NH+]=C(N)N,-2.5497
[C]n1cnc2nc(Cl)nc(N[N])c21,-1.1427
[C]OP(=S)(O[C])Oc1nc(Cl)c(Cl)cc1Cl,-4.831
[C]n1cnc2c1c(=O)n(CC(=O)[O-])c(=O)n2[C],-1.3769
[C]C([C])Nc1nc([N])nc(Cl)n1,-2.7063
[C]Oc1cc2nccnc2c([N])c1O[C],-1.7102
[C]CNc1nc(Cl)nc(NCC(=O)OC[C])n1,-2.9374
O=NC1=C(NO)CCC1,-1.9937
[C]CCCOC(=O)c1cccnc1,-1.8367
[C]Sc1ncnc2nccnc12,-2.365
[C]Oc1cc(C(Cl)(Cl)Cl)cc(Cl)n1,-4.3635
[C]CCOC(=O)c1cccnc1,-1.2403
[C]n1c([N+](=O)[O-])cnc1COC([N])=O,-1.8433
COC(O)C=C(C)O[PH](O)(OC)OC,0.4276
[N]c1c(S(=O)(=O)[O-])cc(Nc2ccc(S(=O)(=O)[O-])c(Nc3nc(Cl)nc(Cl)n3)c2)c2c1C(=O)c1ccccc1C2=O,0.1956
[C]n1c(=O)c2nccnc2n([C])c1=O,-1.4598
[C]COC(=O)c1cn2nc(OP(=S)(OC[C])OC[C])cc2nc1[C],-4.9489
[C]CNc1nc(O[C])nc(N(C[C])C[C])n1,-2.9987
[C]COP(=S)(OC[C])Oc1cnc2ccccc2n1,-4.1322
[C]N([C])c1ncnc2nccnc12,-1.0216
[C]c1ccccc1Oc1cccnn1,-1.969
[N]NC(=O)c1nccs1,-0.6787
[C]Sc1ncc2nccnc2n1,-1.7561
[C]c1cnnc2c(O)cccc12,-2.6783
[C]c1nnc([N])nc1[C],-1.0939
CC1CCCC(N=O)C1N=O,-1.5916
CC1CCC(N=O)C(N=O)C1,-1.6622
CC(C)C1CCC(N=O)C(N=O)C1,-2.3903
O=NC1CCCCCCCCC1N=O,-2.5813
[C]COP(=S)(OC[C])Oc1cc(-c2ccccc2)on1,-5.2172
[C]C(=O)Nc1ccc(S(=O)(=O)Nc2ccccn2)cc1,-3.7162
[C]Cc1nc2nc([N])nc([N])c2nc1C[C],-3.2671
[C]Oc1cc(NC(=O)c2cccnc2)c2ncccc2c1,-4.4461
[C]Oc1ccc2c(c1)c(CC(=O)[O-])c([C])n2C(=O)C=Cc1ccccc1,-5.5433
[C]CNc1nc(Cl)nc(NC([C])([C])C#N)n1,-3.151
[C]c1snnc1C(=O)[O-],-0.4598
[C]C([C])Nc1nc(Cl)nc(NC2CC2)n1,-3.5185
[C]c1nc(N([C])[C])nc(OC(=O)N([C])[C])c1[C],-1.9457
[C]n1c(=O)c2c(ncn2CCCO)n([C])c1=O,-0.1551
[C]COP(=S)(OC[C])Oc1cc([C])nc(N(C[C])C[C])n1,-4.9242
[C]CCCCCOC(=O)c1cccnc1,-2.6538
O=P([O-])(O)CN(CCCCCCN(CP(=O)([O-])O)CP(=O)([O-])O)CP(=O)([O-])O,-1.5161
[C]c1ncc2nc([C])c([C])nc2n1,-1.1442
[C]COP(=S)(OC[C])Oc1ncn(-c2ccccc2)n1,-4.00345
CC(=O)C(N=O)c1ccccc1,-2.3676
[C]NC(=O)N([C])c1nnc(C(F)(F)F)s1,-2.0584
[C]CNc1nc(NC([C])C[C])nc(O[C])n1,-2.5677
CCOC(=O)Cc1[nH]nc2ccc(Cl)cc12,-3.0256
S=c1[nH]cc2ncnc-2[nH]1,-2.5803
[C]CN(C[C])c1nc([C])cc(OP(=S)(O[C])O[C])n1,-4.34165
[C]Oc1ncnc2nccnc12,-1.113
[C]N(CCO)c1nc2c(c(=O)n([C])c(=O)n2[C])n1[C],-0.6488
[N]c1nc([N])c([O-])c(O)n1,-1.6978
[C]NC(=O)N([C])c1nnc(C([C])([C])[C])s1,-1.9788
CN(C)C([O-])=[NH+]c1ccc(-n2nc(C(C)(C)C)oc2=O)c(Cl)c1,-4.3258
[C]N1C(C(=O)Nc2ccccn2)=C([O-])c2ccccc2S1(=O)=O,-4.1586
[N]C(=O)c1ncn(C2OC(CO)C(O)C2O)n1,-0.2355
[N]c1cc(N2CCCCC2)nc([N])[n+]1[O-],-1.9801
[C]c1ccc2c([N+](=O)[O-])ccc([O-])c2n1,-3.9598
[C]Cn1c(=O)c2c(ncn2[C])n([C])c1=O,-0.719
[C]CCCc1c([C])nc(NC[C])nc1OS(=O)(=O)N([C])[C],-4.1579
[C]COP(=S)(OC[C])Oc1nc(Cl)n(C([C])[C])n1,-3.48885
CN(C([O-])=[NH+]C(C)(C)c1ccccc1)c1ccccc1,-3.3495
[C]C([C])([C])C(=O)C(Oc1ccc(Cl)cc1)n1cncn1,-3.6137
[C]CCCCOC(=O)c1cccnc1,-2.3776
[C]c1nc2c(=O)[nH]c(=O)n([C])c2nc1[C],-2.1129
[C]n1c(C([N])=O)c(C([N])=O)c2ccccc21,-1.8184
[C]c1nn(-c2ccccc2)c([N])c1[C],-1.6704
[C]CCCSC(=Nc1cccnc1)SCc1ccc(C([C])([C])[C])cc1,-5.5712
[C]OC(CN([C])C(=O)[N-]c1nnc(C([C])([C])[C])s1)O[C],-1.8678
[C]Cn1cc(C(=O)[O-])c(=O)c2cnc(N3CC[NH2+]CC3)nc21,-2.974
CC(Oc1ccc2ccccc2c1)C([O-])=Nc1ccccc1,-5.5894
[C]OCCOc1c(O[C])cc(Cc2cnc([N])nc2[N])cc1O[C],-2.101
[C]C([C])([C])C(O)C(Oc1ccc(-c2ccccc2)cc1)n1cncn1,-4.8292
[C]CCn1cnc2c1c(=O)n(CCCCC([C])=O)c(=O)n2[C],-0.9811
[C]N1CC(O)N(c2nnc(C([C])([C])[C])s2)C1=O,-1.8773
[C]CCCCCCCSC(=O)Oc1cc(Cl)nnc1-c1ccccc1,-5.4025
[C]N([C])C(=O)Nc1cc(C([C])([C])[C])on1,-2.4272
[C]c1ccc(S(=O)(=O)Oc2c(C(=O)c3ccc(Cl)cc3Cl)c([C])nn2[C])cc1,-6.8946
[N]c1nc2c(ncn2COCCO)c(=O)[n-]1,-2.1431
[C]CCC1COC(Cn2cncn2)(c2ccc(Cl)cc2Cl)O1,-3.4929
[C]CC1COC(Cn2cncn2)(c2ccc(Cl)cc2Cl)O1,-3.613
O=S(=O)([O-])c1cnc[nH]1,0.1304
[C]c1c(Cl)cc(-c2ccc(O)nn2)cc1Cl,-5.5375
[C]CCn1c(=O)c2c(ncn2[C])n([C])c1=O,-1.2082
[C]COC(=O)C([C])Oc1ccc(Oc2nc3ccc(Cl)cc3o2)cc1,-5.5866
[C]CCN(CCOc1c(Cl)cc(Cl)cc1Cl)C(=O)n1ccnc1,-4.0445
[C]C(=O)OCCN(CCC#N)c1ccc(N=Nc2nc3ccc([N+](=O)[O-])cc3s2)cc1,-5.8031
[C]COC(=O)CNc1nc(Cl)nc(NC([C])[C])n1,-2.5622
[C]CCOCC(=Nc1ccc(Cl)cc1C(F)(F)F)n1ccnc1,-1.4419
[N]c1c(Cl)c(F)nc(OCC(=O)[O-])c1Cl,-3.4475
[C]OC(=O)C([C])Oc1ccc(Oc2ncc(C(F)(F)F)cc2Cl)cc1,-4.6064
[C]CCCOC(=O)C([C])Oc1ccc(Oc2ccc(C(F)(F)F)cn2)cc1,-5.50855
[C]CCc1nnc([N-]S(=O)(=O)c2ccc([N])cc2)s1,-3.3075
[C]c1nn([C])c(OCC(=O)c2ccccc2)c1C(=O)c1ccc(Cl)cc1Cl,-2.6514
NC(=O)C(N=O)C(N)=O,-0.0384
O=[n+]1[n-]c(-n2ccnc2)nc2ccc(Cl)cc21,-3.8624
[C]N(C(=O)COc1nc2ccccc2s1)c1ccccc1,-4.8727
CC(C)(N=C([O-])C(Br)C(C)(C)C)c1ccccc1,-4.9455
[C]C([C])([C])C(O)C(Cc1ccc(Cl)cc1Cl)n1cncn1,-4.5619
[C]COP(=O)(Cc1ccc(-c2nc3ccccc3s2)cc1)OC[C],-4.0017
O=C([O-])c1c(Cl)c(Cl)c(Cl)c(Cl)c1C([O-])=Nc1cccc(Cl)c1Cl,-4.5051
[C]C(Oc1ccc(Oc2cnc3cc(Cl)ccc3n2)cc1)C(=O)[O-],-6.0604
[C]COC(=O)C([C])Oc1ccc(Oc2cnc3cc(Cl)ccc3n2)cc1,-6.06295
[C]CCCCCNC(=O)c1cccnc1,-2.5221
[C]OC(=O)c1sccc1S(=O)(=O)[N-]C(=O)Nc1nc([C])nc(O[C])n1,-2.2379
[C]CCCC(O)(Cn1cncn1)c1ccc(Cl)cc1Cl,-4.2668
[C]C([C])C1([C])N=C(c2ncccc2C(=O)[O-])NC1=O,-1.364
[C]C([C])C1([C])N=C(c2nc3ccccc3cc2C(=O)[O-])NC1=O,-3.539
[C]CCCCCC([C])OC(=O)COc1nc(F)c(Cl)c([N])c1Cl,-6.6107
[C]CCCCCCCNC(=O)c1cccnc1,-3.0081
[C]CCCCCCCCNC(=O)c1cccnc1,-3.1398
[C]CCCCCCCCCCNC(=O)c1cccnc1,-3.0266
[C]CCCCCCCCCCCNC(=O)c1cccnc1,-3.2078
O=NC1C=CC(N=O)c2ncccc21,-3.7998
[C]CC([C])(C[C])c1cc(NC(=O)c2c(O[C])cccc2O[C])on1,-5.3694
[C]c1ccc(C(=O)COc2c(C(=O)c3ccc(Cl)c([C])c3Cl)c([C])nn2[C])cc1,-6.5209
[C]OC(=O)c1ccccc1CS(=O)(=O)[N-]C(=O)Nc1nc(O[C])cc(O[C])n1,-3.534
[C]C([C])([C])C(O)C(=Cc1ccc(Cl)cc1)n1cncn1,-4.5403
[C]C([C])([C])C(O)C(=Cc1ccc(Cl)cc1Cl)n1cncn1,-4.9115
[NH3+]CCCCC([NH2+]C(CCc1ccccc1)C(=O)[O-])C(=O)N1CCCC1C(=O)[O-],-0.6212
Cc1c(Cl)ccc(OC(C)C([O-])=Nc2ccccc2)c1Cl,-7.0057
[C][Si](Cn1cncn1)(c1ccc(F)cc1)c1ccc(F)cc1,-3.7665
[C]OC(=O)c1ccccc1S(=O)(=O)[N-]C(=O)Nc1nc(OC(F)F)cc(OC(F)F)n1,-5.152
[C]OCC([C])N(C(=O)CCl)c1c([C])csc1[C],-2.3614
CC(O)[C-]([N+](=O)[O-])[N+](=O)[O-],0.0789
CC1(O)CCC(C)(O)CC1,-0.615
[C]Cc1nc2cnc(O)nc2nc1C[C],-2.2644
[C]COC(=O)c1cnn([C])c1S(=O)(=O)[N-]C(=O)Nc1nc(O[C])cc(O[C])n1,-4.4561
[C]C(C1CC1)C(O)(Cn1cncn1)c1ccc(Cl)cc1,-3.3189
[C]Oc1ccsc1CN(C(=O)CCl)c1c([C])cccc1[C],-4.4689
[C]COc1nc(N[C])nc(NC(=O)[N-]S(=O)(=O)c2ccccc2C(=O)O[C])n1,-5.3828
[C]Oc1nsc([N])n1,-1.2427
[C]COc1nsc([N])n1,-0.6514
[C]CCCCCCCCOC(=O)c1cccnc1,-3.0958
[C]c1ccn2nc(S(=O)(=O)Nc3c(F)cccc3F)nc2n1,-3.8248
[C]c1nc2cncnc2n([C])c1=O,-1.489
[C]CCCCC([C])OC(=O)COc1ccc(Cl)c2cccnc12,-5.7553
[C]CCc1ncnc2c(O)cccc12,-2.9206
[C]CCCCCCOC(=O)c1cccnc1,-2.7429
[C]COc1ccc(NC([C])=O)c2cccnc12,-1.5171
[C]OC(=O)c1ccccc1S(=O)(=O)[N-]C(=O)N([C])c1nc([C])nc(O[C])n1,-3.8981
[C]n1c(=O)cnc2cncnc21,-0.9089
[C]Oc1ncc2nccnc2n1,-1.113
[C]n1c(=O)ncc2nccnc21,-1.3713
[C]COC(=O)c1nc(C(Cl)(Cl)Cl)n(-c2ccc(Cl)cc2Cl)n1,-5.6516
[C]c1cnc(C2=NC(=O)C([C])(C([C])[C])N2)c(C(=O)[O-])c1,-2.0911
[C]C(Oc1ccc(Oc2ncc(Cl)cc2F)cc1)C(=O)OCC#C,-4.9417
[N]S(=O)(=O)c1cc2c(s1)SCCC2=O,-3.5517
[C]CCc1nc([N])c(C[C])c(CC[C])n1,-2.5132
[C]C#Cc1cc([C])nc(Nc2ccccc2)n1,-4.8575
[C]C([C])=NOCCOC(=O)C([C])Oc1ccc(Oc2cnc3cc(Cl)ccc3n2)cc1,-5.8479
[C]COC(=O)CSc1nc(C([C])([C])[C])nn1C(=O)N([C])[C],-2.861
[C]C(Oc1ccc(Oc2nc3ccc(Cl)cc3o2)cc1)C(=O)[O-],-3.092
[C]OCc1cnc(C2=NC([C])(C([C])[C])C(=O)N2)c(C(=O)[O-])c1,-1.84
[C]OC(=O)c1c(C(F)F)nc(C(F)(F)F)c(C2=NCCS2)c1CC([C])[C],-5.2002
[C]Oc1ccc(C(=O)c2csc(S([N])(=O)=O)c2)cc1,-4.4733
[N]S(=O)(=O)c1cc(C(=O)c2ccc(O)cc2)cs1,-2.8612
[C]c1ccc(C(=O)c2csc(S([N])(=O)=O)c2)cc1,-4.4492
[N]C(=O)c1nc(-c2ccccc2)n(-c2ccc(Cl)c(COCC(F)(F)C(F)(F)F)c2)n1,-5.6635
[C]Cc1nn([C])c(C(=O)NCc2ccc(C([C])([C])[C])cc2)c1Cl,-5.1086
[C]C(Oc1ccc(Oc2cnc3cc(Cl)ccc3n2)cc1)C(=O)OCC1CCCO1,-5.0303
[N]c1c(S(=O)C(F)(F)F)c(C#N)nn1-c1c(Cl)cc(C(F)(F)F)cc1Cl,-5.3619
[C]Oc1cc(O[C])nc(NC(=O)[N-]S(=O)(=O)c2c(-c3nnn([C])n3)cnn2[C])n1,-2.6066
[C]C([C])([C])c1ccc(CCOc2ncnc3ccccc23)cc1,-6.1439
[C]c1cc(C2CC2)nc(Nc2ccccc2)n1,-4.2388
[C]Oc1cc(O[C])nc(N=C([O-])NS(=O)(=O)c2c(Cl)nc3ccccn23)n1,-4.7886
[C]CS(=O)(=O)c1cccnc1S(=O)(=O)[N-]C(=O)Nc1nc(O[C])cc(O[C])n1,-4.6349
[C]C1=NNC(=O)N(N=Cc2cccnc2)C1,-2.8745
[C]C1([C])CCC(Cc2ccc(Cl)cc2)C1(O)Cn1cncn1,-4.3288
[C]C([C])C1CCC(Cc2ccc(Cl)cc2)C1(O)Cn1cncn1,-4.6828
[C]COc1ccccc1OS(=O)(=O)NC([O-])=Nc1nc(O[C])cc(O[C])n1,-4.1853
[C]c1nc(C(F)(F)F)c(C([O-])=Nc2c(Br)cc(OC(F)(F)F)cc2Br)s1,-5.5186
[C]OC=C(C(=O)O[C])c1ccccc1Oc1cc(Oc2ccccc2C#N)ncn1,-4.8276
CN=C([O-])C(=NOC)c1ccccc1Oc1ccccc1,-3.3466
[C]SC(=O)c1cccc2nnsc12,-4.4363
[N]S(=O)(=O)c1ccc(SCCCCO)s1,-1.4587
[C]ON=C([C])c1cccc(Oc2nc(O[C])cc(O[C])n2)c1C(=O)O[C],-3.6037
[C]Oc1cc(O[C])nc(N=C([O-])NS(=O)(=O)Nc2ccccc2C(=O)C2CC2)n1,-6.3943
[C]Oc1cc(O[C])n2nc(S(=O)(=O)Nc3c(Cl)ccc([C])c3Cl)nc2n1,-3.3204
[C]S(=O)(=O)c1cc(C(F)(F)F)ccc1C(=O)c1cnoc1C1CC1,-4.7631
[C]CS(=O)(=O)c1nc2ccccn2c1S(=O)(=O)[N-]C(=O)Nc1nc(O[C])cc(O[C])n1,-4.4191
[C]c1cc([C])nc(NC(=O)[N-]S(=O)(=O)c2ccccc2C(=O)OC2COC2)n1,-3.893
[C]COc1nc(F)cc2nc(S(=O)(=O)Nc3c(Cl)cccc3C(=O)O[C])nn12,-4.4292
[C]C([C])OC(=O)c1cc(-c2nn([C])c(C(F)(F)F)c2Br)c(F)cc1Cl,-6.9227
Clc1cc(-c2c(Cl)cccc2Cl)cc(Cl)c1Cl,-7.92
NC1=CC=C(c2ccc(N)cc2)CC1(Cl)Cl,-4.92
O=C(CCl)Nc1ccccc1,-1.4
CCN1c2ncccc2C(=O)N(C)c2c(C)cc(OC)nc21,-4.11
COC1=CC23CCc4ccc(OC)c(O)c4C2(CC[NH+]3C)CC1=O,-1.87
COC(=O)C1C(c2ccc(C)cc2)CC2CCC1[NH+]2C,-3.04
CC(=O)C1(O)CCC2C3CCC4=CC(=O)CCC4=C3C(c3ccc(N(C)C)cc3)CC21C,-3.67
COC(=O)C1C(c2ccc(I)cc2)CC2CCC1[NH+]2C,-3.32
Cc1ccc2c(c1)C(=O)Nc1cc(N)ccc1O2,-4.87
O=c1[n-]c2nc(O)nc(O)c2[nH]1,-3.93
Nc1[nH]c(=O)nc2nc[n-]c12,-3.4
O=c1nc2[nH][nH]cc-2c(=O)[n-]1,-1.99
CCCCc1c(C)[nH]c(NCC)nc1=O,-3.03
CN(C)C(=O)NC1CCC2C3CCC(C3)C12,-3.01
Clc1cccnc1,-1.06
COC(=O)C(C)(C)C,-1.34
CCOCCCl,-0.92
COc1ccccc1Br,-2.58
COc1ccc(Br)cc1,-3.02
COc1cccc(O)c1,-0.51
COC(=O)C(C)=COP(=O)(OC)OC,0.428
Cc1cccc(N=C=S)c1,-3.85
COC(=O)CSc1ccccc1,-1.02
CC(=O)OCCc1ccccc1,-1.886
CCCC(=O)OC(C)OP(=O)(OCC)OCC,-1.951
CC(C)OC(=O)CSc1ccccc1,-2.08
COC(=O)C(C)CSc1ccccc1,-2.12
CCOC(=O)CCSc1ccccc1,-2.12
COCCOC(=O)CSc1ccccc1,-0.5
CCOP(=S)(OCC)Oc1ccc(SC)cc1,-4.9
Clc1ccc(Oc2ccccc2)c(Cl)c1Cl,-5.32
Clc1cccc(Oc2ccccc2)c1Cl,-4.67
COC(=O)CC(Sc1ccccc1)C(=O)OC,-0.85
CCCCOC(=O)CSc1ccccc1,-2.75
CCOCCOC(=O)CSc1ccccc1,-1.22
CN(C)c1cccc(N=C=S)c1,-3.38
COC(=O)CC(CSc1ccccc1)C(=O)OC,-1.5
CCOC(=O)CC(Sc1ccccc1)C(=O)OCC,-2.04
CC(C)OC(=O)CC(Sc1ccccc1)C(=O)OC(C)C,-3.1
CCCCCCCCCCCC(=O)OCCCC,-6.77
CC(C)OC(=O)CC(CSc1ccccc1)C(=O)OC(C)C,-3.56
CCC=CCC=CCC=CCCCCCCCC(=O)OC,-6.5
CCCCCCCCC=CCCCCCCCC(=O)OC,-7.907
Cc1ccccc1C(OCC[NH+](C)C)c1ccccc1,-4.1
COC(=O)CC(C)Sc1ccccc1,-2.0
CC(=O)F,-3.094
N#CCCCCl,-0.683
COc1cccc(N=C=S)c1,-3.57
CCCC(=O)OC(C)C,-1.94
COc1ccc(N=C=S)cc1,-3.6
CCCC(=O)OCOP(=O)(OCC)OCC,-1.138
CCOC(=O)c1cccc(N=C=S)c1,-3.6
CC(C)Oc1cccc(N=C=S)c1,-3.33
CCCC(=O)Oc1cccc(N=C=S)c1,-4.09
CCCC(=O)OCOC(=O)c1cccnc1,-1.805
Brc1ccc(Oc2ccccc2)cc1,-4.714
S=C=Nc1cccc(-c2ccccc2)c1,-4.52
COC(=O)c1cccc(N=C=S)c1,-3.57
CC(=O)Oc1cccc(N=C=S)c1,-3.11
CC(=O)c1cccc(N=C=S)c1,-4.33
CCCCCC(=O)Oc1cccc(N=C=S)c1,-4.14
CCCCCCC(=O)Oc1cccc(N=C=S)c1,-4.16
COc1ccc(COC(=O)Cc2ccccc2)cc1,-2.7
CCCCCCCCC(=O)Oc1cccc(N=C=S)c1,-4.22
CCC1(c2ccccc2)OCC(C2CCCC[NH2+]2)O1,-1.96
CCCC(=NOCC)C1=C([O-])CC(C(C)CSCC)CC1=O,-4.22
CCCOC(=O)Cc1ccc(OCC(=O)N(CC)CC)c(OC)c1,-1.8
c1ccc(C2(c3ccccc3)OCC(C3CCCC[NH2+]3)O2)cc1,-3.664
CCCCC(C)(C)C(O)C=CC1C(O)CC(=O)C1CCCCC=CC(=O)OC,-3.59
COc1ccc2cc(C(C)C(=O)OCCCCOC(=O)CCN3CC[NH+](C)CC3)ccc2c1,-0.849
COc1ccc2cc(C(C)C(=O)OCCCCOC(=O)CCCN3CC[NH+](C)CC3)ccc2c1,-1.301
COc1ccc2cc(C(C)C(=O)OCCOC(=O)CN3CC[NH+](C)CC3)ccc2c1,-2.387
CCCC(=O)OCC(Cc1cncn1C)C(CC)C(=O)OCc1ccc(C)cc1,-3.14
S=C=NCc1ccc(Br)cc1,-3.82
CCOC(=O)CC(CSc1ccccc1)C(=O)OCC,-2.52
CCCCCCCCCCCC(=O)OCCC,-6.28
CC(C)COC(=O)CSc1ccccc1,-2.56
CCCCCCCCCCCC(=O)OCC,-5.8
C[NH2+]CCC=C1c2ccccc2COc2ccccc21,-3.403
CCCOC(=O)CSc1ccccc1,-2.15
COc1cccc(Br)c1,-3.12
CCOC(=O)CSc1ccccc1,-1.57
Cc1ccc(C(=O)[O-])c(O)c1,-2.9
O=c1[nH]cnc2[nH]cnc12,-2.28
O=c1[nH]cnc2c1ncn2C1CCC(CO)O1,-0.94
CCCSc1ccc2[nH]c(NC(=O)OC)nc2c1,-4.22
O=[N+]([O-])c1ccccc1[N-]S(=O)(=O)c1ccccc1,-4.01
CCn1cc(C(=O)[O-])c(=O)c2cc(F)c(N3CCN(C)CC3)cc21,-1.47
Cc1cn(C2CC(N=[N+]=[N-])C(COC(=O)c3ccncc3)O2)c(=O)[nH]c1=O,-2.72
Cc1cnc(NC(=O)C2=C([O-])c3ccccc3S(=O)(=O)N2C)s1,-1.92
Cc1ncc([N+](=O)[O-])[nH]1,-1.63
O=c1[cH-]c(=O)[nH]c(=O)[n-]1,-1.29
S=c1[nH]cnc2[nH]cnc12,-2.95
O=c1[nH]c(=O)c2nc[nH]c2[nH]1,-3.87
CCCC(=O)OCn1cc2c(=O)[nH]cnc2n1,-2.2
CCCC(=O)OCn1ncc2c(=O)[nH]cnc21,-2.83
CC(C)(C)C(=O)OCn1cc2c(=O)[nH]cnc2n1,-2.17
CC[NH+](CC)CC(=O)OCn1ncc2c(=O)[nH]cnc21,-1.79
CC(=O)Nc1nc2c(ncn2COCCOC(C)=O)c(=O)[nH]1,-2.14
C=C(CC(=O)c1ccc(-c2ccccc2Cl)cc1)C(=O)[O-],-3.2
O=C1CCCCCCCCCCCCCCO1,-5.34
C[c-]1c(=O)[nH]c(=O)[nH]c1=O,-1.13
Nc1nc2[nH]cnc2c(N)[nH+]1,-1.8
CCNc1nc(N(CC)CC)nc(=O)[nH]1,-3.64
O=c1cnc2cncnc2[n-]1,-2.12
Nc1nc(=O)[n-]c2[nH]cnc12,-3.38
O=c1ncc2[nH]c(=O)[nH]c2[nH]1,-3.6
CN(C)c1ncnc2[nH]cnc12,-1.3
C[N+](C)(C)C(Cc1cnc(S)[nH]1)C(=O)[O-],-0.46
O=c1ccn(C2OC(CO)C(O)C2O)c(=O)[cH-]1,-0.77
Nc1nc2[nH]cnc2c(=S)[nH]1,-3.31
Cc1cnc2c(=O)[nH]cnc2n1,-1.56
Cc1cnc2nc[nH]c(=O)c2n1,-1.65
O=c1cnc2c(=O)[nH]cnc2[n-]1,-2.82
O=c1cnc2nc[nH]c(=O)c2[n-]1,-2.96
CCCCN(CC)c1nc(N)nc(N=[N+]=[N-])n1,-3.52
C=CCOc1nc(OCC=C)nc(OCC=C)n1,-1.62
N#CC(C#N)=N[N-]c1ccccc1[N+](=O)[O-],-3.93
Cn1cnc2[n-]c(=O)nc(NCCO)c21,0.08
CCc1nc2[n-]c(=O)nc(N)c2nc1CC,-3.55
CCc1nc2nc(N)[nH]c(=O)c2nc1CC,-4.28
CC(C(=O)[O-])c1cccc(Oc2ccccc2)c1,-1.88
CN(CC(=O)[N-]c1nnc(S([NH-])(=O)=O)s1)C(N)=[NH2+],-1.14
Cc1ccc(C(=O)c2cc(O)c([O-])c([N+](=O)[O-])c2)cc1,-4.17
Nc1ccc(S(=O)(=O)Nc2cc[nH]c(=O)n2)cc1,-3.55
CCCN(CCC)c1c([N+](=O)[O-])cc(S(=O)(=O)N=S(C)C)cc1[N+](=O)[O-],-4.86
C[NH+]1CCC(c2c(O)cc(O)c3c(=O)cc(-c4ccccc4Cl)oc23)C(O)C1,-4.26
NS(=O)(=O)c1nnc([N-]S(=O)(=O)c2ccc(NC(=O)C[NH3+])cc2)s1,-1.19
CN1CCN(c2cc3c(cc2F)c(=O)c(C(=O)[O-])cn3-c2ccc(F)cc2)CC1,-3.82
O=C([O-])c1ccccc1-c1c2ccc(=O)cc-2oc2cc([O-])ccc12,-3.82
NS(=O)(=O)c1nnc([N-]S(=O)(=O)c2ccc(NC(=O)CNC(=O)C[NH3+])cc2)s1,-1.29
CC(C)CC(NC(=O)CC(O)C(CC(C)C)NC(=O)C(Cc1c[nH]cn1)NC(=O)C(Cc1ccccc1)NC(=O)OC(C)(C)C)C(=O)NCCC[NH+](CCO)CCO,-2.37
CC(C)CC(NC(=O)CC(O)C(CC(C)C)NC(=O)C(Cc1c[nH]cn1)NC(=O)C(Cc1ccccc1)NC(=O)OC(C)(C)C)C(=O)NCCC([NH3+])C(=O)[O-],-2.22
CC(C)CC(NC(=O)CC(O)C(CC(C)C)NC(=O)C(Cc1c[nH]cn1)NC(=O)C(Cc1ccccc1)NC(=O)OC(C)(C)C)C(=O)NCc1ccncc1,-3.36
CC(C)CC(NC(=O)CC(O)C(CC(C)C)NC(=O)C(Cc1c[nH]cn1)NC(=O)C(Cc1ccccc1)NC(=O)OC(C)(C)C)C(=O)NCc1ccccn1,-3.42
CC(C)CC(NC(=O)CC(O)C(CC(C)C)NC(=O)C(Cc1c[nH]cn1)NC(=O)C(Cc1ccccc1)NC(=O)OC(C)(C)C)C(=O)NCc1cc[n+]([O-])cc1,-2.38
CC(C)CC(NC(=O)CC(O)C(CC(C)C)NC(=O)C(Cc1c[nH]cn1)NC(=O)C(Cc1ccccc1)NC(=O)OC(C)(C)C)C(=O)NCc1cccc(C[NH3+])c1,-2.85
CC(C)CC(NC(=O)CC(O)C(CC(C)C)NC(=O)C(Cc1c[nH]cn1)NC(=O)C(Cc1ccccc1)NC(=O)OC(C)(C)C)C(=O)NCC([NH3+])c1ccccn1,-3.4
CC(C)CC(NC(=O)CC(O)C(CC1CCCCC1)NC(=O)C(Cc1c[nH]cn1)NC(=O)C(Cc1ccccc1)NC(=O)OC(C)(C)C)C(=O)NCc1cccc(C[NH3+])c1,-4.7
CC(C)CC(NC(=O)CC(O)C(CC(C)C)NC(=O)C(Cc1c[nH]cn1)NC(=O)C(Cc1ccccc1)NC(=O)OC(C)(C)C)C(=O)NC(C(=O)[O-])c1ccccc1,-3.13
CC(C)CC(NC(=O)CC(O)C(CC(C)C)NC(=O)C(Cc1c[nH]cn1)NC(=O)C(Cc1ccccc1)NC(=O)OC(C)(C)C)C(=O)NC(Cc1cccc(C[NH3+])c1)C(=O)[O-],-2.82
CCC(C)C1NC(=O)C(Cc2c[nH]c3ccccc23)NC(=O)C2CCCN2C(=O)C(Cc2c[nH]cn2)NC(=O)C2CCCCN2C(=O)C2CCCCN2C1=O,-2.58
CCC(C)C1NC(=O)C(Cc2ccc3ccccc3c2)NC(=O)C2CCCN2C(=O)C(Cc2c[nH]cn2)NC(=O)C2CCCCN2C(=O)C2CCCCN2C1=O,-3.98
CCC(C)C1NC(=O)C(Cc2c[nH]c3ccccc23)NC(=O)C2CCCN2C(=O)C(Cc2c[nH]cn2)NC(=O)C2CCCCN2C(=O)C2CCC=NN2C1=O,-2.6
CCOC(COC)OC,0.88
Clc1cc(Oc2c(Cl)cc(Cl)c(Cl)c2Cl)c(Cl)c(Cl)c1Cl,-10.1
